Ext.ID,raw_count,unmapped_count,mapped_count,host_count,human_count,unmapped_avlength,mapped_avlength,p_Sediment.Soil,p_Skin,p_aOral,p_mOral,p_Unknown,classified,unclassified,Bacteria,Archaea,Eukaryota,Viruses,species_raw
HM_082,241,63,0,0,0,50.94,NA,NA,NA,NA,NA,NA,11.1,88.9,11.1,0,0,0,4
MV_239,35,16,0,0,0,46.31,NA,NA,NA,NA,NA,NA,12.5,87.5,12.5,0,0,0,2
HM_049,1067,635,1,1,0,55.75,30,NA,NA,NA,NA,NA,7.2,92.8,7.2,0,0,0,25
MS_058,180,128,18,18,0,73,63.89,NA,NA,NA,NA,NA,10.2,89.8,9.4,0,0.78,0,5
MS_051,1650,1443,27,24,3,52.86,69.19,0,0,0,0,100,17.3,82.7,17.2,0,0.07,0,40
MS_104,2966,2651,31,30,1,62.15,57.32,NA,NA,NA,NA,NA,11.7,88.3,11.4,0,0.19,0,84
MV_038,42482,36845,44,33,11,47.01,48.09,0,0,46.4,0,53.6,8.2,91.8,8.1,0,0.01,0,460
RB_005,5753,4546,37,36,1,42.06,38.7,NA,NA,NA,NA,NA,4.7,95.3,4.6,0.1,0.02,0,75
HM_017,9082,4545,42,40,2,36.98,35.45,NA,NA,NA,NA,NA,9.6,90.4,9.6,0,0,0,33
MS_053,3658,2471,52,52,0,43.85,51.88,NA,NA,NA,NA,NA,16.8,83.2,16.7,0,0,0,41
MV_049,818,499,65,65,0,53.68,50.98,NA,NA,NA,NA,NA,19.4,80.6,19.4,0,0,0,27
MV_289,575,378,65,65,0,51.92,59.05,NA,NA,NA,NA,NA,15.3,84.7,15.1,0,0.26,0,16
MV_046,2998,2379,72,72,0,48.48,50.89,NA,NA,NA,NA,NA,12.1,87.9,12.1,0,0,0,51
HM_018,101048,73211,126,122,4,42.92,40.84,26.7,4.6,3.7,3.7,61.3,17,83,17,0,0,0,467
HM_027,17833,3781,215,209,6,37.85,39.11,0,0,0,0,100,15.4,84.6,15.4,0,0,0,45
RM_117,475743,411330,293,214,79,44.93,40.43,1,7.9,37.5,37.6,16.1,4.4,95.6,4.4,0,0.01,0,2377
RM_124,1234707,1068449,328,221,107,45.45,41.01,8,7.7,27.3,30.8,26.3,5,95,5,0,0,0,4064
MV_169,951900,602731,503,342,161,39.46,38.61,1,6.1,35.2,45,12.7,6.7,93.4,6.6,0,0,0,2086
MV_225,559255,490657,602,430,172,47.76,44.81,15.8,1.3,23,16,44,9.7,90.3,9.7,0,0.01,0,3160
MV_109,846618,749968,475,442,33,45.72,47.92,3.8,4.9,32.5,30.8,27.9,10.1,89.9,10.1,0,0,0,2832
MV_240,7323,5502,486,469,17,43.7,44.28,NA,NA,NA,NA,NA,19.9,80.1,19.7,0,0.07,0,99
MS_060,1403553,1098584,2615,524,2091,46.62,48.77,0,1,1.2,4.1,93.7,2.9,97.1,2.8,0,0.05,0,2227
MV_243,6584,4826,708,666,42,43.5,43.62,NA,NA,NA,NA,NA,35.4,64.6,35.1,0,0.02,0,69
MV_131,269196,202219,683,670,13,41.47,41.57,2,5.7,41.4,35,15.8,9.8,90.3,9.7,0,0,0,974
MS_122,5655107,4282604,1062,705,357,47.75,40.68,13.6,3.9,26.7,26.4,29.3,17.9,82.1,17.9,0,0,0,5667
MV_120,425905,385298,843,819,24,44.66,43.63,1.3,8.8,31.9,36.8,21.3,9.2,90.8,9.2,0,0,0,1704
MV_102,624213,371063,897,836,61,42.26,40.67,1.8,7.2,27.5,30,33.4,6.6,93.4,6.5,0.1,0,0,1938
MV_288,26578,17985,942,874,68,42.79,45.41,0,0,0,0,100,15.6,84.5,15.5,0,0.04,0,223
HM_077,8338046,7457598,1038,908,130,55.03,42.21,3.8,1.3,23,11.8,60.1,3,97,3,0,0.01,0,7243
HM_008,10919,7465,943,926,17,47.14,45.77,48.9,0,0,0,51.1,35.1,64.9,34.8,0,0.16,0,291
RM_173,5194620,4739600,1776,929,847,55.64,52.43,0.6,0.3,79.3,15,4.8,7.8,92.2,7.7,0.1,0.01,0,7300
RM_053,8482,6670,996,948,48,54.89,49.46,NA,NA,NA,NA,NA,14.6,85.4,14.3,0.2,0.04,0,196
MV_002,317747,240844,1064,1024,40,42.13,42.54,26.4,6,12.3,9,46.3,16.5,83.5,16.5,0,0,0,1348
MS_038,1130770,961406,5079,1096,3983,51.53,57.67,3.2,2.1,1.1,5.2,88.4,4.8,95.2,4.6,0,0.17,0,2344
MV_041,231933,192803,1143,1127,16,43.2,44.13,0.5,10.2,33.2,45.1,11,8.8,91.2,8.7,0,0,0,1199
MS_103,64359,53388,1147,1136,11,48.62,49.3,63.9,20.4,0.3,0,15.4,15.3,84.7,15.3,0,0.02,0,756
HM_058,810461,508794,2398,1177,1221,41.24,48.51,13.8,4.3,1.3,6.3,74.2,9,91,8.9,0,0.06,0,1599
MV_005,26271,18892,1219,1212,7,57.46,61.45,0,0,0,0,100,12.1,87.9,11.9,0.1,0.04,0,373
DM_026,5440794,5083149,1517,1227,290,71.46,52.45,6.4,7.6,2.5,55.1,28.4,60.8,39.2,60.6,0.1,0,0,6975
MV_087,593059,343748,1353,1250,103,38.33,36.67,12,1.1,9.6,17.1,60.1,3.6,96.4,3.6,0,0,0,1296
RM_152,272250,186476,1462,1337,125,37.97,38.73,0,37.2,5.2,0,57.6,3.6,96.4,3.5,0.1,0.01,0,576
MV_236,24845,17308,1456,1350,106,41.85,42.62,0,6.2,16.4,77.4,0,9.5,90.5,9.4,0,0.09,0,210
HM_033,3694699,2616951,73556,1371,72185,56.11,71.6,5,2.9,23,14.4,54.7,7.9,92.1,3.6,3.7,0.62,0,5674
HM_037,3589738,3187312,1571,1447,124,48.96,44.74,5,4.6,25.1,20.6,44.8,5.3,94.7,4.8,0.5,0,0,7023
RM_114,4367832,4098633,1772,1477,295,55.27,47.9,5.5,5,22,22.4,45.2,17,83,17,0,0,0,7396
RM_169,671265,587991,1820,1590,230,42.2,42.18,1,8.6,33,38.9,18.6,5.3,94.7,4.3,1,0,0,2515
RM_120,406084,204300,1776,1705,71,44.25,42.68,0,0,0,0,100,7.2,92.8,7.1,0,0.01,0,1701
MV_029,16508,11419,1787,1771,16,41.4,45.56,NA,NA,NA,NA,NA,7.9,92.2,7.8,0,0.04,0,154
MV_175,9728749,8008526,2927,1931,996,48.98,43.41,1,1,64.5,27.5,6,9.8,90.2,9.8,0,0,0,7499
RM_179,7109014,6456479,2926,1989,937,54.66,49.55,0.4,0.3,81.9,14,3.3,7.7,92.3,7.5,0.2,0.01,0,7553
MV_122,164199,125522,2121,2079,42,40.51,42.45,1,9.4,42.8,40.4,6.4,8.1,92,8,0,0.01,0,622
HM_088,13834375,12286943,5453,2164,3289,56.81,64.19,4.3,1.3,19.2,11,64.2,3.3,96.7,3.3,0,0.01,0,8225
MV_027,374058,289485,2795,2750,45,41.77,43.17,2.6,6.3,39.1,38.9,13.1,11.4,88.6,11.4,0,0,0,1333
MV_020,130408,111755,2887,2868,19,50.66,59.51,1,8.4,22.7,33.9,34,10.3,89.7,10.3,0,0.03,0,1093
HM_066,8007007,6686138,3520,3170,350,65.13,44.95,2.8,21.7,8.4,6.2,60.8,22.4,77.6,22.4,0,0.01,0,7684
MS_063,4406020,4092757,4168,3293,875,57.32,51.47,2.1,1.8,11,15.6,69.5,13.9,86.1,13.8,0.1,0.01,0,5957
HM_002,717805,521780,3375,3297,78,40.83,40.05,7.6,0.2,21.7,17.9,52.6,6.4,93.6,6.4,0,0,0,1853
RM_175,12299317,11360613,5433,3620,1813,58.68,55.81,0.7,0.6,75.4,20,3.3,10.4,89.6,10.2,0.3,0.01,0,8507
HM_057,4265875,2201323,126203,3935,122268,40.86,50.15,5.9,4.6,25.4,26.9,37.2,NA,NA,NA,NA,NA,NA,NA
MS_062,4135080,3744231,4880,3959,921,60.3,51.83,2.1,0.9,10.6,6,80.4,7.4,92.6,7.3,0.1,0.04,0,4667
MS_032,478059,429874,4183,4128,55,53.74,55.7,1.3,7.4,32.3,32.9,26.1,18,82,17.9,0.1,0.02,0,2725
HM_020,786132,430369,4228,4163,65,37.91,37.24,17.8,2,5.6,9.1,65.5,8.6,91.4,8.6,0,0,0,1498
MV_028,35143,24292,4376,4365,11,43.52,45.83,NA,NA,NA,NA,NA,14.1,85.9,14,0,0.02,0,271
MS_105,129393,86116,4634,4590,44,43.87,43.64,0,0,0,0,100,8.3,91.7,8.2,0,0.02,0,1127
RM_056,542844,401572,4863,4727,136,42.47,43.42,2.6,0.4,10.6,7.9,78.4,9.1,90.9,9.1,0,0,0,2157
RM_126,2469321,2357419,5249,5050,199,64.05,57.77,5.4,3.7,24.3,22.7,43.8,11.6,88.4,11.5,0.1,0.01,0,7049
MV_290,470633,419786,5723,5448,275,49.8,50.62,4.8,8.3,30.5,31.8,24.7,10.9,89.1,10.8,0,0.03,0,1805
RM_102,6496266,5770543,26509,5951,20558,64.1,69.22,24.9,4.6,7.9,9.5,53.1,18.4,81.6,18.3,0,0.04,0,8279
DM_028,8418268,6604760,6934,6096,838,52.28,47.32,8.6,3.4,10.5,20.3,57.2,20.9,79.2,20.8,0,0,0,7295
MV_234,589085,469999,6793,6177,616,43.17,43.77,1.3,23.6,28.3,33.6,13.1,28.5,71.6,28.4,0,0.02,0,2612
MV_235,33297,18968,6545,6235,310,41.77,44.2,NA,NA,NA,NA,NA,7.6,92.4,7.3,0,0.31,0,231
HM_040,8100702,4759417,8087,6633,1454,51.63,41.56,3.5,18.9,3.5,3.7,70.5,17.7,82.3,17.6,0,0.05,0,7087
DM_027,5011442,4515942,7082,6682,400,58.69,47.18,7.7,3.1,8.3,19.1,61.9,21.3,78.7,21.2,0,0.01,0,6858
MV_111,116177,81823,6741,6694,47,41.28,43.03,0,4.6,12,39.9,43.6,8.4,91.6,8.4,0,0.01,0,530
HM_048,3042714,2637591,7823,6789,1034,47.34,46.8,3.6,5.3,23.5,31.8,35.8,6.8,93.3,6.7,0,0.03,0,5115
MV_148,973772,815089,8311,6798,1513,52.91,54.14,2.6,1.6,17,15.8,63,4.9,95.1,4.7,0,0.13,0,1779
MV_070,7310736,6686953,12448,7301,5147,55.05,54.8,4.1,1.8,49.6,13.7,30.8,8.8,91.2,8.7,0,0.01,0,8161
HM_036,1894623,1638117,7722,7366,356,59.75,51.22,18.2,10.2,15.1,7.2,49.2,30.5,69.5,28.1,2.2,0.01,0.1,5546
RM_146,1212822,724434,7632,7395,237,43.68,47.29,4.4,9.3,17.3,19.6,49.4,11.4,88.6,11.4,0,0.02,0,2358
RM_202,297551,187692,7634,7438,196,41.57,42.54,19.7,6.1,34.3,26.6,13.2,10.2,89.8,10.1,0,0.01,0,1342
HM_043,5221662,3645067,7824,7619,205,43.69,41.62,0.7,5.3,19.6,26.1,48.3,3.5,96.5,3.4,0,0,0,3180
MV_055,1693109,1597788,8322,8195,127,57.69,54.7,5.9,2.4,40.6,12.4,38.7,11.4,88.6,11.4,0,0.01,0,5885
MS_108,631108,543673,8557,8310,247,52.14,49.38,8,7.6,18.7,30.5,35.2,19.8,80.2,19.8,0,0.01,0,2945
HM_078,19986500,18061827,9328,8794,534,59.12,49.35,4.2,1.2,10.7,8.7,75.3,3.9,96.1,3.8,0,0.01,0,8823
RM_153,1127207,754816,9277,8817,460,38.52,38.4,11.1,1.6,17.5,27.8,42,4,96,4,0,0,0,2299
DM_006,2831046,2600708,9092,8935,157,55.11,51.97,0.9,3.8,15.5,23.8,56.1,13.7,86.3,13.5,0.2,0.01,0,6365
DM_022,11084614,9587449,9494,9034,460,55.56,49.11,8.1,2.1,29.3,16.1,44.4,7.6,92.4,6.5,1,0,0,8709
MV_048,4305005,3869075,9421,9220,201,63.36,51.81,7,6,27.9,24.4,34.8,37.2,62.8,37.1,0,0,0,5767
HM_076,27002553,21881156,11083,9243,1840,46.07,43.46,6.3,6.6,16.8,18.9,51.4,9.3,90.7,9,0.3,0,0,9233
MV_230,165043,132336,10520,10323,197,45.03,47.48,6.6,11.8,0,0,81.6,5.8,94.2,5.7,0.1,0.05,0,839
RM_129,475454,426259,10783,10474,309,53.96,55.46,0.3,11.3,9.2,23.7,55.4,13.3,86.8,13.2,0,0.03,0,3438
MV_214,9715885,8559239,13396,10494,2902,59.14,56.83,5.7,13.8,8.9,8.1,63.4,20.4,79.6,20.4,0,0.02,0,8540
RM_105,5742834,4849683,16243,10794,5449,53.4,48.64,3.4,3.3,41.4,37.2,14.7,10.5,89.5,10.4,0,0.02,0,7741
DM_019,7803274,7142275,11485,11128,357,56.66,54.05,6,2.6,19.3,16.2,55.9,10.2,89.8,8.4,1.8,0.01,0,8484
HM_031,8242455,6702377,11812,11606,206,55.38,45.16,6.7,2.1,25.2,20.9,45,7.5,92.5,7.1,0.4,0.01,0,7661
HM_001,6064173,4353742,12039,11667,372,47.98,43.66,5.7,24.6,8.5,6.7,54.5,27.8,72.2,27.7,0,0.01,0,6223
RM_034,2109400,1695918,12585,12001,584,45.16,44.27,4.2,1.2,17.7,15.5,61.3,6.7,93.3,6.7,0,0,0,4702
MV_124,689506,452191,12351,12080,271,39.6,40.25,0.9,4.5,29,25.6,40,11.9,88.1,11.9,0,0.01,0,1685
DM_008,3482778,3271784,12267,12147,120,58.31,56.39,2.3,2.7,20.8,17.4,56.8,11,89,8.4,2.5,0.01,0,7207
MS_039,3166306,2925981,18631,12689,5942,65.3,60.37,3.1,2.4,4.1,7.4,83,7.7,92.3,7.6,0,0.06,0,6073
MV_096,891704,734622,14095,12891,1204,44.48,43.35,25.2,5.2,15.2,9,45.3,10,90,10,0,0.01,0,3817
HM_090,9482461,8978082,14022,13786,236,58.1,48.21,3.2,1.1,16.2,8.2,71.3,4.9,95.1,4.9,0,0.01,0,7784
MV_091,4186100,3641162,15250,13889,1361,56.42,51.9,7.4,2.9,40.2,14.1,35.4,9.2,90.8,9.2,0,0.01,0,7382
MV_017,194357,126073,14134,14038,96,41.1,43.87,2.4,3.7,1.2,0,92.7,22.5,77.6,22.4,0,0.02,0,789
RM_149,986944,696282,14868,14283,585,45.79,50.25,4.9,1.6,19.6,7.2,66.8,10.5,89.5,10.4,0.1,0.03,0,2669
RM_109,2228155,1999955,21896,14514,7382,66.78,55.33,27.5,13,6.8,5.8,46.8,35.7,64.3,35.5,0,0.09,0,6760
MV_058,1276046,1186134,15434,15002,432,62.28,53.37,0.2,1.2,44.8,17.7,36.1,12.5,87.5,12.4,0,0.02,0,5611
HM_083,3865609,3641515,15461,15250,211,56.01,49.6,0.5,0.3,22.1,9.6,67.6,2.7,97.3,2.7,0,0.01,0,6160
RM_123,7492872,6958067,15954,15366,588,65.62,59.26,5.9,2.9,18.9,17.6,54.6,10.3,89.7,10.2,0.1,0.01,0,8881
RM_101,4539271,3682439,40206,16137,24069,59.09,59.33,6.6,5.8,21.9,39.9,25.8,13.7,86.3,13.6,0,0.05,0,7579
RM_167,4090174,3715358,17933,17179,754,48.72,47.92,5.1,4.1,23.3,25,42.5,6.6,93.4,6.4,0.2,0.01,0,6990
RM_172,7118392,6275604,21548,17306,4242,49.61,50.9,3.3,3.1,16.5,18.2,58.9,7.4,92.7,7.3,0,0.02,0,6908
HM_039,12004609,9646242,18179,17785,394,56.07,50.37,11.7,7.1,1.5,1.7,78,20.7,79.3,20.7,0,0.01,0,7367
MV_107,120459,69203,17957,17866,91,41.29,43.75,5.9,11.3,5.9,41.9,34.9,9.9,90.1,9.9,0,0.02,0,630
HM_075,9880384,784992,18719,18350,369,57.78,56.73,1.6,6.7,23.2,23.7,44.8,5.1,95,4.9,0,0.08,0,3275
DM_015,4745999,4428043,18863,18356,507,60.81,52.11,5.5,2.3,26,20.4,45.8,10.6,89.4,10,0.5,0.01,0,8179
RM_189,24572649,21761978,24752,18457,6295,53.11,50.41,0.9,1.4,68.2,22.4,7.1,11.4,88.6,11.3,0.1,0.01,0,9327
MV_227,595755,495924,18855,18594,261,43.72,42.08,0,0,56.1,11.7,32.2,5.1,94.9,5,0.1,0.01,0,2619
HM_003,1491369,1072908,31655,18702,12953,53.08,53.44,8.3,14.2,9.9,11.4,56.2,18.1,81.9,17.6,0,0.45,0,4263
DM_004,4449271,4234114,19187,19030,157,60.63,53.06,6.9,2.5,26.9,15.6,48.1,8.8,91.3,6.6,2.1,0.01,0,7989
MS_029,11801908,8409667,20086,19099,987,44.94,44.6,6.8,4.6,22.3,21.5,44.8,15.2,84.8,15.1,0,0,0,7043
HM_089,13980584,11757634,20686,19297,1389,48.33,45.55,3.5,1.3,25.8,14.2,55.2,2.6,97.4,2.6,0,0.01,0,7671
MV_244,1031864,664953,29921,20781,9140,41.4,43.76,7.8,5.6,2,3.3,81.3,11.1,88.9,11,0,0.03,0,2624
MV_113,5719521,5513138,20922,20808,114,59.89,60.89,6.5,2.6,14.6,13.3,63,7.9,92.1,7.8,0.1,0,0,7572
MV_231,4605560,4251911,21342,20872,470,60.82,48.28,11.5,16.7,10.8,5.6,55.5,44.1,55.9,43,1.1,0.01,0,7059
MV_204,1204016,984985,21503,21204,299,47.97,46.26,1.1,0.6,41.3,5.7,51.4,7.9,92.1,7.4,0.5,0.01,0,4661
HM_070,5917466,5647128,22811,21577,1234,56.96,53.23,3.8,3.5,10.1,7.7,74.9,2.2,97.8,2.2,0.1,0.01,0,6939
MV_208,11823236,10528218,24070,21719,2351,54.13,50.48,3.6,1.7,42.7,20.3,31.7,6.5,93.6,5.6,0.8,0.02,0,8411
RM_107,9822882,8415452,59193,21905,37288,62.53,55.99,26.5,5.1,6.1,4.6,57.7,22.1,77.9,22,0,0.06,0,8265
RM_145,2367762,1685442,22914,22378,536,42.77,42.36,8,4.6,36.9,27.3,23.3,10.8,89.3,10.7,0,0.01,0,3901
RM_155,5188568,3686101,23560,22683,877,42.95,46.33,10.3,3.8,25.6,21.9,38.4,10.9,89.1,10.9,0,0.01,0,6301
HM_074,13883591,12459094,24304,22732,1572,49.49,45.88,3.2,2.6,24.6,18.1,51.5,5.7,94.3,5.7,0,0.01,0,8100
MV_209,5324561,4952841,23758,23487,271,63.23,58.67,2.6,2.7,29.6,22,43.2,11.4,88.7,9.1,2.2,0.01,0,8192
HM_084,15492270,14662327,23961,23561,400,64.29,53.48,3.4,0.9,13.3,7.1,75.2,3.9,96.2,3.8,0,0.01,0,8615
HM_080,15564056,12918798,24558,23681,877,58.47,48.48,6.6,1.5,10.5,7.4,74.1,5.3,94.7,5.1,0.1,0.01,0,9008
RM_030,1562985,1206005,25102,24744,358,42.19,43.29,4.5,4.2,24.8,18.9,47.6,7.1,92.9,7.1,0,0,0,3612
HM_014,429699,321500,26290,24800,1490,43.79,45.04,9.3,4.2,15.8,27.2,43.4,3.9,96.1,3.8,0,0.05,0,1381
MS_133,9131933,8604751,30217,25746,4471,69.59,59.45,4.4,1.5,33.1,11.9,49.1,3.8,96.2,3.7,0,0.01,0,8320
RM_104,11958783,9844484,41810,25839,15971,58.01,47.94,18.8,2.8,11.9,9.3,57.2,9.9,90.1,9.8,0,0.02,0,8490
MV_077,7223670,6582575,31035,26190,4845,57.39,48.41,7.2,2.6,19.8,19.4,50.9,9.5,90.5,9.3,0,0.12,0,8384
RM_103,10285863,8933408,48481,26470,22011,62.7,53.53,30.6,4.7,13.8,15,35.9,21.9,78.1,21.8,0,0.05,0,8371
MS_114,1131517,1029081,27846,26597,1249,53.69,53.9,3.2,5.9,23.1,27,40.8,5.5,94.6,5.4,0,0.03,0,4853
DM_011,2261208,2071687,27321,27071,250,49.54,47.14,0.4,5.1,17.5,25.9,51,15.8,84.3,15.4,0.3,0.01,0,4956
MS_118,2036525,1406914,28282,27762,520,44.34,51.93,4.8,21.8,26.3,20.9,26.3,14.1,85.9,14,0,0,0,3838
HM_032,2340151,1876884,28358,28159,199,50.59,63.7,1.7,8.5,21.8,15.6,52.4,7.1,92.9,5.9,1.2,0.03,0,5690
MV_119,2830293,2576349,28787,28401,386,53.37,55.17,3,4.7,20.7,23.7,47.9,15.8,84.2,15.7,0,0.01,0,5977
RM_197,644946,324126,29482,28774,708,38.4,39,0,0,0,0,100,4.5,95.6,4.4,0,0.02,0,1295
MV_089,11125406,9791092,30016,29053,963,52.1,50.47,6.3,3,36.6,15.7,38.4,10.3,89.7,10.3,0,0.01,0,8467
MS_109,1040130,862545,29809,29207,602,45.8,47.16,3.3,5.6,29.2,29.7,32.2,10.2,89.8,10.2,0,0.01,0,3821
RM_029,3886651,2920570,30278,29510,768,42.07,40.62,7.7,3.1,27,25.5,36.8,6.4,93.6,6.4,0,0,0,5311
MV_006,973357,676610,29965,29755,210,44.66,49.19,1.2,3,16.4,41.6,37.8,14.3,85.7,14.3,0,0.02,0,2186
HM_067,5612508,4554819,34572,29854,4718,55.15,43.64,6.9,29,9.2,8,47,24.2,75.9,24.1,0,0.04,0,6463
MV_018,1379265,1250453,30141,29970,171,54.76,60.15,4,5.5,26.3,31.2,33,19,81,18.9,0,0.02,0,4624
MV_019,918075,824689,31181,31103,78,55.32,62.35,7.1,4,28.2,27.1,33.5,15.3,84.7,15.3,0,0.02,0,3991
MV_137,162725,57132,31452,31313,139,55.78,59.11,3,3.6,1.8,15.7,75.9,25.5,74.5,25.3,0,0.19,0,725
MV_025,609577,542789,31709,31462,247,44.8,46.03,0.3,4.1,12.6,23,60,23.9,76.1,23.9,0,0.02,0,2016
MS_092,1718795,1269334,32657,31981,676,44.25,45.67,6,6.5,31.9,30.3,25.3,14.2,85.8,14.2,0,0.01,0,4258
RM_182,17854227,15981627,38810,32300,6510,54.36,53.11,0.6,0.7,74.8,20,3.9,11.2,88.8,11,0.1,0.01,0,8851
HM_086,265525,191161,32539,32365,174,63.31,53.58,25,4.3,0.4,0,70.2,9.3,90.7,9.2,0,0.06,0,2655
MV_229,5717705,5078100,39582,32529,7053,54.91,50.52,3.3,1,52.2,14.3,29.2,6.8,93.3,5.5,1.2,0.02,0,7597
RM_212,6520278,5263546,39309,32657,6652,51.51,47.89,7.9,8.9,6.6,9.3,67.3,16.9,83.1,16.7,0,0.13,0,7257
RM_186,29335750,25668142,40903,33759,7144,52.94,47.92,0.6,0.4,75.4,19.5,4.1,10.4,89.6,10.3,0.1,0.01,0,8961
MS_101,802556,715661,55147,34847,20300,67.95,46.96,0,4.7,21.3,22.9,51,8.6,91.4,2.9,0,5.69,0,983
RM_210,16457409,13936227,42122,34901,7221,52.31,53.81,2.7,1.7,63.6,22.5,9.4,17.3,82.7,17.2,0,0.03,0,9340
MV_093,3230905,2702635,36312,35087,1225,49.81,50.48,9.7,4.8,35.1,17.5,32.8,9.3,90.7,9.2,0,0.02,0,6309
DM_009,1545191,1434073,38236,37894,342,55.81,62.25,8.3,4.3,31,22.4,33.9,15.3,84.7,15,0.3,0.02,0,5237
MV_115,5735043,5196688,38147,37973,174,62.13,53.84,7.5,3.1,23.6,17.7,48,25.7,74.3,25.6,0,0.01,0,7717
DM_007,4981526,4475434,39527,38362,1165,58.78,52.95,1.3,2.6,12.7,15,68.5,10.3,89.7,10,0.3,0.03,0,7545
RM_108,5747456,4987027,60340,38600,21740,61.12,51.26,27.9,6.9,10,12.7,42.5,27.6,72.4,27.4,0,0.1,0,7881
MV_088,1442915,1350498,39362,39214,148,58.97,56.53,4.1,2.6,45.9,14.3,33.1,11.9,88.1,11.9,0,0.02,0,5735
HM_081,10322323,9333014,41124,40106,1018,61.73,46.33,3.5,1.2,14.8,9.8,70.7,5.5,94.5,5.5,0,0.02,0,8445
RM_181,4117084,3343726,44826,40305,4521,49.46,48.65,3,5.5,23.5,33.4,34.6,7.3,92.7,7.2,0.1,0.04,0,6326
MV_079p,9769620,8108218,42186,41077,1109,51.57,50.13,7.1,2.9,31,15.6,43.4,13.7,86.3,13.7,0,0.01,0,8380
MV_285,1463482,1297524,43242,41417,1825,54.08,63.9,1.9,5.7,22.9,22.8,46.8,9,91,9,0,0.03,0,4292
RM_200,2946521,1801726,42773,42286,487,44.64,46.64,9.4,5.4,21.7,17.4,46.2,20.8,79.2,20.7,0,0.02,0,3501
MV_118,7248390,6386071,43062,42709,353,56.4,58.22,6.5,6.1,24,22.6,40.8,23.3,76.7,23.2,0,0.01,0,7634
RM_191,1739482,1385979,52273,43121,9152,49.43,52.96,1.2,0.8,73.9,21,3.1,9.3,90.7,9,0.2,0.13,0,4084
HM_021,11368178,8905425,45576,43559,2017,52.71,48.68,11.8,2.7,9.3,8.9,67.3,27,73,26.9,0,0,0,5810
MV_103,3364668,2824663,43926,43572,354,47.88,46.99,5.7,3.2,35.4,16.6,39.1,8.5,91.5,4.6,3.9,0,0,6261
RM_138,5003361,4321832,44790,43815,975,62.4,63.1,5.6,3.8,20.9,21.8,47.9,10.4,89.6,10.3,0.1,0.03,0,8314
MS_057,1715904,1182115,44651,44037,614,43.22,43.18,4.3,8.6,29.3,30.9,26.9,7.8,92.2,7.7,0,0.01,0,4446
DM_010,12547786,11548636,45129,44360,769,62.92,55.1,3.9,1.9,18.8,17.2,58.1,15.4,84.6,14.8,0.6,0.01,0,8921
MV_291,3512081,3155619,45298,44456,842,51.61,56.97,5.3,5,25.5,18,46.2,16.2,83.8,16.2,0,0.01,0,6350
RM_128,6806783,6561187,45514,44586,928,71.26,65.72,6.2,3.3,17.9,18.3,54.3,12.3,87.7,12.2,0.1,0.02,0,8802
MV_112,10223588,9088310,46569,45899,670,56.57,54.98,6,3.6,15.1,19.7,55.6,10.5,89.5,10.4,0,0,0,8292
HM_050,2973543,2265759,49680,46288,3392,46.85,46.51,5.9,4.8,25.8,29.9,33.6,9.1,90.9,9.1,0,0.04,0,5427
RM_131,7623021,6544874,53520,47264,6256,55.12,50.99,4.1,12.3,16.9,16.6,50.1,24.6,75.4,24.5,0,0.07,0,7798
HM_059,5257701,3840214,56510,47439,9071,44.24,47.21,3.9,3.3,29.9,24.7,38.2,8.1,91.9,8.1,0,0.05,0,5602
MS_010,3050805,2336112,48099,47863,236,44.89,45.33,7.7,16.5,14.7,15.3,45.8,41.2,58.8,41.1,0,0.01,0,4670
MS_091,3183692,2749261,48880,48284,596,52.77,53.11,5.3,5.3,27.2,27,35.1,22.4,77.6,22.4,0,0.01,0,5657
RM_064,8917260,8108118,60821,48728,12093,60.84,51.14,3.1,18.5,26.1,19.3,33,39.9,60.1,39.7,0,0.14,0,8016
DM_003,3731581,3520938,49048,48838,210,61.89,56.4,1.1,0.5,28.7,7.7,62,10.2,89.8,3.6,6.6,0.01,0,6427
HM_030,7524013,5978659,50882,50379,503,48.34,47.65,13.4,2.9,11.2,11,61.5,14.7,85.3,14.6,0,0.01,0,5135
MV_081,1754304,1551168,50753,50386,367,46.52,44.96,0.6,0.7,64.2,14.9,19.6,7,93,7,0,0.01,0,4729
MV_083,2135918,1916528,51883,51399,484,49.22,46.94,10.2,3.8,34.1,20.8,31.1,9.9,90.2,9.8,0,0.01,0,6127
RM_208,14177027,11198986,64349,52787,11562,52.87,47.45,0.9,1.2,68,26,3.8,17,83,16.8,0.1,0.03,0,7874
RM_121,972944,849092,54905,54139,766,50.5,50.35,6.5,4.3,16.2,17.4,55.5,9.8,90.2,9.7,0,0.04,0,4155
MV_007,678663,281912,55624,55314,310,41.34,43.18,0.2,1.3,33.7,22.3,42.5,8.2,91.8,8.2,0,0.02,0,1267
HM_053,2634572,1396348,56997,55428,1569,44.4,46.82,3.9,4.1,26,26.1,39.8,6.7,93.3,6.6,0,0.07,0,3396
DM_021,5769764,4897096,56718,55569,1149,52.75,52.8,4.1,5.4,34.7,31.8,23.9,17.6,82.4,17.5,0.1,0.01,0,7980
MS_106,2286372,1966141,56751,56331,420,51.69,50.5,6.1,6.8,29,27.9,30.2,32.1,67.9,32.1,0,0.01,0,4520
RM_211,684922,473498,58312,57689,623,41.65,42.96,2.7,3.3,24.7,33.5,35.7,9.8,90.2,9.8,0,0.02,0,2251
RM_193,4255836,3288711,66075,58029,8046,48.4,43.49,1.9,2.7,4.1,4.8,86.6,4,96,3.8,0,0.22,0,3760
RM_093,6432495,5457401,78539,59490,19049,55.12,47.04,3.2,11.6,41.6,24.8,18.7,37.5,62.5,37.4,0,0.07,0,7508
MV_114,1936806,1589955,60493,59986,507,45.08,46.28,1.5,6.4,24.7,28.9,38.5,16.6,83.4,16.6,0,0.01,0,4860
RM_206,4956885,3353075,63739,60321,3418,45.74,46.96,4,3.6,31,26.6,34.7,10.5,89.5,10.5,0,0.02,0,5772
MS_121,2567143,2296232,61098,60787,311,53.56,47.64,4.8,1,48.1,19.1,27,6.3,93.7,4.6,1.7,0.01,0,6351
RM_048,10492184,8275547,66051,62936,3115,44.99,43.38,9.1,8.5,19.8,19.7,42.9,14.4,85.6,14.4,0,0,0,7263
MV_139,4760619,4098060,65341,65057,284,52.25,52.56,7.1,4.1,22.6,20.1,46.2,22.6,77.4,22.6,0,0.01,0,6454
MV_206,4441740,4254082,66206,65537,669,70.67,64.66,3.1,1.6,9.6,12.9,72.8,21.9,78.2,21.7,0.1,0.02,0,7378
RM_045,4075245,2461843,70781,68544,2237,39.29,39.01,2.9,3.7,17.8,23.7,51.9,4.2,95.8,4.1,0,0.02,0,3497
DM_016,14775967,12964438,101490,70091,31399,55.51,63.79,2.2,0.5,53.8,15.4,28.2,6.5,93.5,5.7,0.8,0.02,0,8394
HM_009,456802,203495,73484,71056,2428,38.22,41.99,0,59.2,8.7,0,32.2,15.3,84.7,14.9,0,0.37,0,887
MV_283,1977062,1625674,74600,71421,3179,56.13,55.11,11.8,20.4,4.1,18,45.7,38.2,61.9,38,0.1,0.1,0,5318
RM_044,9137321,7407595,203370,72056,131314,47.56,59.99,4.8,1.8,7,6.4,80.1,2,98,1.8,0,0.14,0,5288
RM_151,6267039,4899469,75667,73811,1856,44.78,49.37,5.8,3,20.7,19.1,51.3,10.5,89.5,10.5,0,0.01,0,6504
MV_043,4798058,4010188,74683,74354,329,59.04,52.94,4.1,3.6,26,24.6,41.5,27.7,72.3,27.7,0,0.01,0,6409
RM_164,39935693,34143263,80655,74423,6232,48.97,45.39,3.7,4.1,19.4,27.7,45.1,8.8,91.2,8.2,0.6,0.01,0,9116
MS_137,6682581,6337326,75721,75359,362,63.97,51.19,4.3,1,28.3,7,59.4,3.1,96.9,3,0.1,0.01,0,7516
MV_215,5157043,4598401,79244,77789,1455,62.43,61.32,5.2,2.5,15.1,18.2,59.1,15,85,14.7,0.3,0.02,0,7898
MV_078,6386725,5832174,80422,80056,366,65.56,59.2,3.9,1.4,45.9,15.6,33.3,13.5,86.5,13.4,0,0.01,0,8227
RM_177,4855536,4226527,95247,80229,15018,56.01,53.25,1.1,1.1,72.3,21.5,4,13.3,86.7,13.1,0,0.11,0,7367
MV_292,6961657,5139249,259689,80297,179392,51.97,56.46,5.6,26.2,16.5,13.1,38.6,23.2,76.9,23,0,0.11,0,7400
RM_190,22740738,20549041,89679,80834,8845,60.4,56.04,0.8,1.7,65.9,25.4,6.2,16.5,83.5,16.3,0.1,0.04,0,9379
MV_068p,9318754,8120972,82585,80963,1622,56.71,53.57,5.2,2.6,37.2,15.6,39.3,13.5,86.5,13.5,0,0.01,0,8624
HM_060,3424946,2882708,82241,81601,640,71.88,54.6,2.1,7.8,12.3,12.9,64.9,7.8,92.2,7.7,0,0.06,0,5001
RM_116,10079413,9181045,84519,81754,2765,55.76,52.16,4.9,3.1,21,20.1,51,6.8,93.2,6.7,0.1,0.01,0,8598
RM_183,5974002,5215286,98672,82550,16122,56.77,54.13,1.8,2.5,63.7,27,5.1,22.7,77.3,22.4,0,0.15,0.1,7663
MV_075,8707495,7674948,86443,85557,886,54.2,50.47,5.7,2.6,40.1,12.7,38.9,10.6,89.4,10.6,0,0.01,0,8281
MV_056,10448917,9118141,87483,86227,1256,56.46,52.93,7.5,19.3,17.1,10.8,45.3,25.9,74.1,25.9,0,0.01,0,8667
HM_029,3158395,1665781,86893,86310,583,39.38,39.01,26.3,5.3,19.2,13.4,35.8,13.3,86.7,13.3,0,0,0,2242
RM_035,9798008,7989895,88105,86570,1535,51.72,48.6,5.4,7.9,13.8,15,58,18.9,81.1,18.8,0,0.01,0,8201
MV_133,10288783,8575941,87840,87014,826,49.98,50.22,4.9,2.5,19.2,18.1,55.3,16.3,83.7,16.3,0,0.01,0,7551
MV_202,13404565,11441765,108794,87652,21142,52.85,49.46,2.9,6.6,14,40.6,35.8,18.6,81.5,18.4,0,0.06,0,8879
RM_031,14603434,12393635,90958,88542,2416,54.19,48,9.7,7.3,13.9,13.4,55.7,19.1,80.9,19.1,0,0.02,0,8757
MV_082,6044616,5743354,91257,90590,667,68.27,59.87,3.5,1.2,54.6,13,27.7,12.6,87.4,12.5,0.1,0.02,0,8417
MV_130,14777928,12502221,93125,92395,730,61.33,52.96,6.9,2.7,20.9,15.6,53.8,30,70,30,0,0.01,0,7577
MV_097,3499918,2893952,94633,93687,946,49.45,57.47,14.5,3.9,24.1,11.6,45.9,9.5,90.5,9.4,0,0.05,0,6907
RM_042,13266907,11087165,96231,95004,1227,52.68,50.05,10.4,8,14.5,12.8,54.2,18.1,81.9,18,0,0.01,0,8858
HM_006,5190624,4579420,96256,95389,867,61.15,51.3,1.3,1.1,0.6,0.6,96.4,39.2,60.8,39.2,0,0.01,0,6423
RM_147,18571831,11660983,105873,100033,5840,46.75,46.29,6.9,2.8,20.6,16.7,53,6.7,93.3,6.7,0,0.03,0,7463
RM_136,10380241,9409049,107983,102327,5656,53.23,50.38,5.4,2.6,19.2,15,57.8,4.9,95.1,4.8,0,0.01,0,8605
MV_212,7655163,6831704,103283,102437,846,63.72,66.28,5.1,2.3,15.5,16.1,61.1,12.3,87.8,11.2,1.1,0.02,0,8688
RM_073,12888267,9940217,126802,103835,22967,51.99,49.24,3.1,3.3,37.5,38.7,17.5,11.7,88.3,11.6,0,0.06,0,8568
RM_135,53483726,47811668,258660,104620,154040,49.82,46.42,8.7,7.2,12.2,12.9,59,12.4,87.7,12.2,0,0.12,0,10098
MS_018,13596953,12839516,105881,105218,663,63.99,59.59,5.4,1.4,39.8,12.5,40.9,12.8,87.2,12.8,0,0.01,0,9027
MS_099,1308528,752670,107430,106906,524,41.55,45.95,4.6,5.6,36.4,32.6,20.8,14.2,85.9,14.1,0,0.02,0,2585
MV_237,693130,473991,112343,107195,5148,45.51,45.89,6.9,13.8,3.8,15.9,59.6,23.5,76.5,23.2,0,0.17,0,2299
RM_140,6898156,5400017,118765,108989,9776,54.75,51.18,5.3,4.3,20.3,19.4,50.6,8.9,91.1,8.6,0.1,0.18,0,8145
MV_213,6327746,5044373,113538,111672,1866,50.78,50.68,4,1.8,49,20.4,24.9,7.1,92.9,6.9,0.2,0.01,0,7249
MV_052,6829277,6493350,112980,112187,793,61.34,56.47,5.6,1.7,34.9,16.4,41.4,16.2,83.8,16.2,0,0.01,0,8381
MS_102,9757992,8359315,115888,112443,3445,66.17,57.15,12.9,5,12.3,13.1,56.7,16.9,83.1,16.8,0,0.05,0,8866
RM_142,4129769,2949464,114775,113377,1398,43.38,46.64,9.1,5.4,33.2,25.2,27.2,10.5,89.5,10.5,0,0.02,0,5509
RM_028,16935843,14152523,121743,114709,7034,51.82,49.18,16.4,5.1,7.7,6,64.8,22.2,77.8,21.4,0.7,0.01,0,9198
MV_134,1876749,974753,118494,117765,729,50.92,57.25,1.3,2.9,18.6,22.8,54.4,9.9,90.1,9.7,0,0.09,0,3701
RM_066,10713820,9083542,148176,119501,28675,51.41,47.82,2,2.9,49.3,33.5,12.2,16.2,83.8,16,0,0.15,0,8276
RM_201,1897751,967323,125470,124176,1294,41.85,46.41,15.7,3.9,31.3,19.5,29.5,9.2,90.8,9.2,0,0.03,0,2850
HM_023,6174286,2965174,129635,124537,5098,42.51,41.91,22,5,18,11.7,43.3,18.5,81.5,18.4,0,0.02,0,4447
MV_140,13750645,10213681,126541,125886,655,51.5,53.37,5.8,11.7,22.2,17.9,42.3,20.7,79.3,20.7,0,0.01,0,7945
MV_022,2278533,1918736,128571,128030,541,47.57,51.88,1.9,2.3,19.6,15.9,60.3,20,80,19.9,0,0.03,0,4800
MV_110,8281513,7651477,129608,129155,453,64.49,63.01,4.2,3.2,18.2,20.7,53.7,25.1,74.9,25.1,0,0.01,0,7891
HM_085,9611203,8706183,136253,135582,671,60.06,49.74,4.6,1.1,22.5,8.8,63.1,4.2,95.8,4.2,0,0.02,0,8023
RM_089,403467,143204,185022,137453,47569,46.27,45.32,22.8,17.5,3.8,33.5,22.4,24.9,75.1,15.2,0,9.7,0,877
MV_021,1882962,1634071,139637,139412,225,59.29,65.42,4,3.9,21.6,25.8,44.7,18.3,81.7,18.2,0,0.04,0,6172
RM_185,15401214,12763986,166477,141919,24558,50.35,48.87,0.9,1.3,62.5,29.5,5.8,9.4,90.6,9.3,0.1,0.05,0,8561
MV_045,3300239,2745084,144973,144609,364,51,51.68,4.2,4.5,26.6,26.7,38.1,22.9,77.1,22.8,0,0.01,0,5545
RM_199,17402362,14125318,165023,150085,14938,52.21,49.7,11,5.4,17.3,13.6,52.7,12.6,87.4,12.5,0,0.05,0,8905
MV_232,12863234,10053881,153643,150222,3421,46.4,44.59,3.2,6.9,15.5,46.4,27.9,17.3,82.7,17.2,0,0.01,0,7157
RM_071,23206875,18927223,197447,158602,38845,51.71,46.85,3.4,5.1,35.2,30.2,26.1,20.4,79.6,20.3,0,0.03,0,9335
RM_113,10991949,9863676,164932,161070,3862,67.89,61.27,5,5.3,18.1,34.5,37.1,20,80,19.9,0,0.03,0,7122
RM_112,7748022,6901301,168450,161840,6610,56.08,61.58,6.6,6.1,21.3,19.9,46.1,12,88,11.9,0,0.1,0,8780
MS_134,12455335,11815224,165934,164881,1053,67.82,54.12,2.1,0.8,33.3,8.3,55.5,3.8,96.2,3.6,0.2,0.02,0,8787
MS_004,8266500,7312459,171900,168968,2932,52.54,54.6,5.7,7.2,20.3,20.5,46.2,27.4,72.6,27.3,0,0.03,0,7519
MS_136,7566907,6829508,176140,169053,7087,60.65,45.38,1.6,0.7,49.6,5.8,42.3,7.6,92.4,7.3,0.2,0.07,0,7725
RM_070,12760384,10355277,215454,180890,34564,51.89,47.24,1,0.7,55.7,31.4,11.1,11.8,88.2,11.6,0,0.1,0,7957
MV_100,13292831,10886783,184004,182091,1913,52.26,51.36,3.7,1.2,51.6,21.2,22.2,9.6,90.4,8.7,0.9,0.01,0,8405
MV_247,14234741,12829603,208190,183595,24595,59.34,58.8,3.2,3.6,40.3,23.2,29.7,33.8,66.2,33.6,0,0.19,0,9015
RM_074,18181725,15085085,257724,186457,71267,55.84,52.44,2.3,2.8,40.7,33,21.1,13.2,86.8,13,0,0.14,0,9328
RM_162,6312726,5344743,197703,191632,6071,51.51,57.1,5.6,3.8,22.8,22.1,45.7,10.5,89.5,10.3,0.1,0.11,0,6981
DM_002,8020905,7494734,193303,191785,1518,63.11,55.83,4.1,2.4,34.6,17.3,41.7,10.5,89.5,8.6,1.8,0.03,0,NA
RM_195,7226444,4856650,193911,191814,2097,44.39,42.79,8.6,3.1,30.8,19.8,37.8,8.1,91.9,8,0,0.03,0,6000
RM_082,14229165,11457464,238515,192599,45916,52.95,46.78,2.6,2.7,46.7,34.1,14,15.5,84.5,15.4,0,0.08,0,8841
MV_126,6048867,5454825,198803,197946,857,55.41,55.78,5.4,4.1,23.2,20.6,46.7,18,82,17.9,0,0.02,0,7157
RM_086,12448703,10104945,232029,198543,33486,54.32,49.48,2.9,3.8,36.7,36.7,19.9,13.5,86.5,13.3,0,0.08,0,8740
MS_113,2946179,2478811,199923,198567,1356,53.55,58.27,7.2,5.1,19.1,23.9,44.7,7.7,92.3,7.6,0.1,0.03,0,6597
RM_039,11066548,8913275,201098,199301,1797,51.27,49.2,9.6,4,19.2,18.9,48.4,9.3,90.7,9.2,0.1,0.01,0,8336
RM_184,1289088,934368,238812,203214,35598,56.11,60.23,2.5,9.1,42.1,33.2,13.1,24.5,75.5,21.3,0,3.23,0,4135
MV_207,2993920,2592153,212718,210767,1951,55.55,59.21,5.7,3,25.1,18.5,47.8,14.4,85.6,13.8,0.4,0.15,0,7228
RM_041,8488673,6819709,288464,210847,77617,51.55,59.12,8.9,8.5,16.9,17,48.7,13,87,12.8,0,0.07,0,8139
MV_015,2062827,1700384,211592,211162,430,56.05,66.53,7.7,5,24.4,26.6,36.3,19,81,18.9,0,0.08,0,5040
RM_063,12490205,10598657,271654,211746,59908,53.02,48.05,1.8,11.9,41.9,29.5,14.9,29.1,70.9,28.8,0,0.2,0.1,8168
MV_203,2367285,1919011,213584,211832,1752,59.14,60.11,1.7,7.7,30.2,36.9,23.5,14.3,85.7,14,0,0.26,0,6064
RM_205,2189946,1773287,214364,213418,946,50.34,53.03,8,3.8,14.3,16.6,57.4,15.8,84.3,15.7,0,0.02,0,5121
MV_013,6179804,4317857,216489,215489,1000,44.14,45.98,7,4.6,27.1,25,36.3,13.4,86.6,13.4,0,0.01,0,5668
HM_071,4764946,3205811,217892,216427,1465,45.5,46.92,10.8,4.2,20.9,20.2,43.9,5.5,94.5,4.9,0.6,0.01,0,5904
RM_057,11404347,9317466,226212,224737,1475,50.54,46.34,6.5,3.2,19.9,21,49.5,5.9,94.1,5.9,0,0,0,6698
MV_090,2769149,2368283,226606,225797,809,56.07,56.96,1.6,2.5,49.2,19.2,27.5,12.6,87.4,12.6,0,0.04,0,7156
RM_046,10738412,8127624,240141,238413,1728,45.66,44.63,12.2,15.4,13.4,9.8,49.2,19.4,80.6,19.4,0,0.01,0,7305
RM_187,22357942,19797957,275475,242354,33121,62.3,55.31,2.4,9.9,35,26.3,26.5,35.3,64.7,34.6,0.6,0.08,0,9066
HM_011,10480385,8060480,250168,245153,5015,45.2,49.16,2.1,29.5,9.8,8.5,50.1,39,61,38.9,0,0.04,0,5962
HM_065,6225603,4605550,251593,245675,5918,53.51,47.26,6.3,5.6,15.7,15.9,56.5,10.1,89.9,10,0,0.08,0,6598
RM_144,5473196,4247111,257498,251621,5877,51.74,52.19,7.6,5,27.2,19.7,40.4,13.9,86.1,13.8,0,0.08,0,6474
DM_012,11405926,9986866,261357,258580,2777,61.44,66.41,4.6,2.4,16.6,15.6,60.7,11.5,88.5,11.2,0.3,0.03,0,9017
MV_067,11628290,9730471,261471,260159,1312,54.04,50.02,8.1,3.2,24.7,16.3,47.8,11.7,88.3,11.6,0,0.01,0,8581
MS_107,6502151,5407339,265764,264424,1340,58.25,57.25,7.5,5,22.6,22.4,42.5,22.6,77.4,22.5,0,0.02,0,7516
MV_167,12765036,9854673,319879,264648,55231,47.18,55.28,1.6,2.7,52.4,32.9,10.4,10.5,89.5,10.3,0,0.15,0,8006
DM_029,8359319,6038079,271121,267744,3377,49.62,49.99,13.5,5.1,16.9,18.5,46,20.1,79.9,20.1,0,0.02,0,6169
RM_203,5772929,4196436,270257,268675,1582,46.15,46.94,8,3.9,33,23.1,32.1,13.3,86.7,13.3,0,0.02,0,6407
RM_055,15263705,12332016,274245,269593,4652,51.56,50.3,7.3,2.5,22,18.1,50.1,8,92,8,0,0.02,0,8132
RM_171,12781679,10657967,282645,271291,11354,51.84,55.35,2.2,6.6,24.2,33.4,33.7,10.7,89.3,10.6,0,0.1,0,8412
HM_064,4851217,3993162,286544,283220,3324,63.09,58.6,3.1,5.4,10.4,11.9,69.1,8.8,91.2,8.6,0,0.14,0,5574
MS_009,5046141,3970184,291564,290192,1372,50.92,53.51,7.9,5.1,26.2,25.8,35,27.8,72.2,27.8,0,0.02,0,5832
RM_178,7537747,6430641,315175,293517,21658,51.71,55.06,3.4,5.9,25.1,39.7,25.9,9.3,90.7,9.1,0.1,0.1,0,7463
MV_065,8313076,7040061,307475,304919,2556,54.48,52.71,7.3,4.6,29.7,15.8,42.6,15.5,84.5,15.4,0,0.05,0,8481
HM_062,10676422,7702219,333847,321771,12076,47.05,46.03,7.8,4.8,16.6,25.1,45.7,9.2,90.8,9.2,0,0.02,0,7194
MV_135,3659583,2574485,327643,326764,879,50.98,54.43,9,10.7,20.3,13.5,46.5,19,81,18.9,0,0.05,0,5192
MV_136,2178101,1592148,329258,328211,1047,57.15,56.5,4.4,5.3,29.4,24.4,36.5,19.2,80.9,19,0,0.08,0,5114
MV_287,22059725,18236178,336895,334681,2214,50.6,54.57,6.1,3.7,19.3,15.8,55.2,23.3,76.7,23.2,0,0.01,0,8651
MS_011,7415125,6446591,337596,336055,1541,63.58,62.91,6,2.3,19.5,16.3,55.7,14.3,85.7,14.2,0,0.02,0,8469
RM_081,16240677,13518590,390991,344081,46910,56.73,49.87,3,4.6,41,30.2,21.2,21.8,78.2,21.5,0,0.11,0.1,9487
MV_245,5492534,4211419,348168,344268,3900,46.76,47.39,2.1,8.3,12.5,60.6,16.5,28.4,71.6,28.3,0,0.05,0,5790
RM_156,13575865,10106450,364899,347914,16985,48.54,53.53,7.6,15.2,4.6,8,64.5,13,87,12.9,0,0.06,0,7761
MV_201,3249620,2362587,362810,355762,7048,45.09,46.42,1.2,4.7,32.5,34.9,26.6,6.5,93.6,6.3,0,0.11,0,5689
RM_032,10449490,8581480,373915,359924,13991,51.45,47.21,11,7.1,15.4,13.9,52.6,16.2,83.9,16,0,0.06,0.1,8076
RM_079,17992963,15315297,438920,363058,75862,57.28,50.49,2.2,2.2,46.5,32.6,16.6,13.5,86.5,13.2,0,0.23,0,9207
MV_092,9543304,8669113,368451,366478,1973,63.41,57.97,5.7,2.5,30.8,16.7,44.4,16.6,83.4,16.5,0,0.03,0,8739
MV_059,26564641,23653819,381267,368844,12423,57.92,62.75,4.3,4,41.2,13.9,36.5,10.4,89.6,10.4,0,0.05,0,9460
MV_233,2702153,1581791,392002,381587,10415,42.13,42.59,7,5.6,17.7,38.7,31,14.7,85.3,14.6,0,0.09,0,3862
MV_051,13055518,11173763,390324,385135,5189,52.33,47.76,9,2.8,18.4,15.7,54.1,12,88,12,0,0.01,0,8448
MS_096,7594350,5801774,417191,409825,7366,56.63,54.45,10,10.4,22.2,25,32.5,24.9,75.1,24.8,0,0.04,0,7136
RM_188,29429773,26254297,486739,418711,68028,63.72,55.41,1,1.3,58.7,30.6,8.4,15.6,84.4,15.4,0,0.17,0,9427
MV_284,5776790,4873970,424338,421471,2867,52.03,70.64,5.6,4.1,25.2,22,43,19.7,80.3,19.6,0,0.07,0,6159
HM_010,18820826,13427496,442779,433106,9673,42.02,46.03,3.8,34,7.6,5.6,48.9,35.5,64.5,35.4,0,0.04,0,6642
RM_085,8111881,6572896,496148,435737,60411,54.78,48.42,4.4,2.9,32.1,35.5,25.1,12.4,87.6,12.1,0,0.25,0,8576
RM_080,11806241,8758615,582905,439793,143112,46.5,44.06,3.1,3.6,37,38,18.4,9.1,90.9,8.8,0,0.2,0,7207
HM_024,15354031,9355494,601506,460962,140544,47.9,51.87,13.7,16.5,6.3,6.3,57.2,38.1,62,38,0,0.05,0,6987
RM_043,9447894,7130202,489052,483032,6020,51.65,46.82,1.8,40.5,9.2,7,41.5,24.3,75.7,24.2,0,0.06,0,6539
RM_040,17149968,14141707,516763,508747,8016,53.61,48.12,12.4,5.2,15.5,15.5,51.5,12.8,87.3,12.6,0.1,0.02,0,8979
RM_033,13438746,11170295,525865,520471,5394,52.82,51.92,8.7,3.9,20.2,17.7,49.4,12.2,87.8,12.2,0,0.02,0,8618
MV_211,7938779,6893242,532719,531234,1485,59,54.27,1.8,0.8,52.9,19.5,25,8.6,91.4,7,1.6,0.02,0,8545
RM_050,12512487,9414065,550166,543655,6511,50.58,49.19,8.2,6.4,21.8,16,47.7,14.7,85.3,14.6,0,0.04,0,7958
DM_020,14916098,11944554,556683,552316,4367,56.37,56.92,8.4,2.6,21.2,17.4,50.4,9.6,90.4,9,0.5,0.11,0,8917
RM_083,19500093,15108069,660447,552956,107491,51.48,47.61,1.3,1.7,48,33.8,15.2,10.9,89.1,10.7,0,0.12,0,9032
MV_016,8803827,7259153,555108,554002,1106,57.2,67.76,8.5,3.4,19.4,21.5,47.3,12.2,87.8,12.1,0,0.05,0,8128
MS_095,1075749,393163,560205,559249,956,48.1,54.52,6.3,7.3,33.3,32.5,20.7,24.5,75.5,24,0,0.4,0,1523
RM_091,13647176,10221048,723300,561555,161745,47.55,47.64,1.8,1.3,49.1,35.9,11.9,11,89,10.4,0,0.51,0,7919
HM_022,7600049,4663439,569912,564917,4995,44.09,40.11,12.9,5.4,27.5,28.9,25.3,17.2,82.8,17.2,0,0.01,0,4565
RM_127,10647248,9062613,588541,579912,8629,59.14,51.54,4.3,14.9,11.5,15.2,54,25,75.1,24.9,0,0.05,0,8519
RM_207,6239206,4081353,723721,618118,105603,49.12,47.39,1,2.1,56,34.3,6.6,11.9,88.1,11.5,0,0.36,0,6595
MV_057,20575166,17890907,636657,630706,5951,56.16,64.37,6.1,2.5,23.6,16.2,51.5,12.9,87.1,12.8,0,0.09,0,9057
MV_076,9422645,7748023,641244,633740,7504,56.55,56.15,7.4,2.9,35,15.2,39.5,9.6,90.4,9.4,0,0.09,0,8391
MV_066,9982180,8677207,663151,659226,3925,60.8,58.77,6.6,2.8,21.4,17.5,51.7,14.1,85.9,13.9,0,0.16,0,8680
MS_135,9088597,8219200,664818,663743,1075,73.05,61.29,2.3,0.4,19,4.8,73.5,3,97,2.6,0.4,0.04,0,8093
RM_088,13072747,10332681,843132,732701,110431,55.16,49.89,3.2,1.6,45.3,31.5,18.4,13.5,86.5,13.2,0,0.26,0,8790
MV_039,25969011,22390676,742217,739957,2260,55.47,55.73,6,2.2,12.2,14.9,64.6,16.1,84,16,0,0.01,0,8970
MS_117,19281752,13830076,775602,769821,5781,47.31,52.2,8,4.5,15.7,7.6,64.2,20.2,79.8,13.2,7,0.01,0,7760
RM_133,15259746,13482001,781409,774054,7355,64.05,62.38,6.8,16.5,6.7,10.4,59.7,50.5,49.5,50.3,0,0.14,0,9022
MS_022,13776540,12285204,833205,831769,1436,65.04,73.97,4.3,1.4,41,14.1,39.2,15.6,84.4,15.5,0,0.04,0,8904
MV_286,4150900,2846577,933155,930010,3145,47.98,53.94,0.9,4.3,18.7,21.3,54.8,12.5,87.5,12.3,0,0.11,0,5081
RM_106,11249299,8538436,1319850,936007,383843,60.53,53.68,4.4,5.2,21.5,35.5,33.4,9.7,90.3,8.4,0,1.34,0,7821
RM_125,12797648,9773511,1026832,991167,35665,54.76,51.97,5.5,10.5,13.8,15.2,55,17.9,82.1,17.7,0,0.16,0,8607
MV_062,6697867,5088742,996103,991476,4627,62.07,52.84,9.4,2.5,26.8,16.7,44.6,13.1,86.9,13,0,0.09,0,8324
RM_176,9512786,7383508,1044817,1007586,37231,56.91,59.93,2.3,7.2,21.7,31,37.8,16.3,83.7,15.8,0,0.43,0,7857
RM_213,30312997,25299370,1032330,1025119,7211,53.75,59.54,2.6,1.6,30,23.7,42,9.6,90.4,7.1,2.5,0.03,0,9013
MV_036,23110263,17780154,1040952,1036708,4244,47.93,48.49,5.5,3.2,16.9,17.6,56.7,9.6,90.4,9.6,0,0.01,0,8415
HM_026,5796172,3212197,1050646,1041386,9260,41.25,42.55,22.9,9.9,14.2,12.4,40.5,18,82,17.9,0,0.06,0,4962
MV_010,3630949,2160348,1075221,1070887,4334,53.27,57.91,5.3,4.6,26.3,25.9,37.8,15.2,84.8,15.1,0,0.12,0,5078
DM_013,6410092,4844442,1086431,1078103,8328,63.2,54.51,3.9,2.1,25.2,17.4,51.4,12.3,87.7,10.4,1.3,0.59,0,8138
MS_020,14707571,12644720,1135654,1133478,2176,68.97,71.67,6.7,8.5,29.4,10.2,45.2,20.9,79.1,20.8,0,0.07,0,9230
RM_209,4524496,2603400,1205258,1140502,64756,52.44,72.98,6.5,11,10.3,23.6,48.5,28.2,71.8,26.4,0,1.78,0,5467
MV_282,4802547,3047084,1161088,1156333,4755,50.89,55.54,2.4,1.1,8.4,12.4,75.8,4.2,95.8,4,0,0.21,0,5382
MV_074,13944715,12172154,1200752,1195820,4932,73.46,67.96,7.5,3.2,17.1,15.1,57.1,26.3,73.7,26.1,0,0.18,0,8971
RM_137,22993997,19641458,1207922,1199125,8797,58.89,58.94,5.2,6.8,15.9,15.9,56.2,10.6,89.5,10.4,0,0.06,0,9452
RM_096,5748369,3574762,1330478,1200375,130103,56.87,55.97,3.4,4.7,29.4,34.8,27.7,13.9,86.1,11.9,0,1.98,0,7144
MV_210,9383429,7454903,1268427,1265031,3396,64.58,60.47,9.2,2.7,16.4,26.7,45,14.9,85.1,14.7,0,0.13,0,8904
RM_072,26343599,20258106,1427443,1274573,152870,54.05,48.16,1.8,1.6,50,31.2,15.4,14.1,85.9,13.9,0,0.23,0,9215
HM_061,4376677,1670232,1314565,1309096,5469,70.21,61.39,7.4,11.8,20.4,19.1,41.2,18.1,81.9,16.5,0,1.6,0,5140
MV_223,6039610,3503146,1337201,1326671,10530,47.74,50.89,8.5,3.5,18,13.4,56.7,10.7,89.3,10.5,0,0.18,0,6291
MV_099,8228926,6270754,1402196,1398799,3397,55.13,52.69,3,1.2,41.2,20.3,34.3,12.9,87.2,10.1,2.7,0.04,0,8468
RM_122,8272907,3642887,1538971,1513858,25113,57.06,56.09,0.6,2.9,10.2,13.8,72.7,5.7,94.3,5.3,0,0.39,0,5543
RM_118,10412805,7034875,1561190,1551599,9591,56.79,52.1,3.7,15,11.7,33.7,36,21.6,78.4,21.5,0,0.08,0,7599
MV_281,10137777,6405736,1694403,1688908,5495,48.57,59.14,7.9,3.9,21.9,17.7,48.5,9.6,90.4,9.2,0.3,0.09,0,7648
RM_180,38381719,29614465,1853736,1690238,163498,52.58,50.06,1.3,1.4,59.5,29.1,8.7,9,91,8.7,0.1,0.13,0,9500
MS_005,13491933,10119250,1950156,1946740,3416,65.71,77.22,11.7,5.2,17.6,17.7,47.8,21.1,78.9,20.9,0,0.15,0,8442
MV_072p,8587196,5737810,2012636,2003776,8860,58.63,61.45,6.6,4.2,26.7,15.2,47.4,13.7,86.3,13,0,0.63,0,8438
MV_216,11222375,7884707,2052468,2027164,25304,67.2,65.52,5.2,3.8,20.1,38.7,32.2,23.8,76.2,23.3,0,0.45,0,8904
MV_104,17635474,12606998,2331531,2327263,4268,58.64,67.55,5.8,5.8,19.5,16.5,52.3,15.8,84.2,15.7,0,0.04,0,7959
HM_054,16371891,9110054,2500024,2429589,70435,45.46,48.07,2.3,6.2,12.4,14.8,64.4,5,95,4.6,0,0.39,0,5831
RM_130,6579915,3246624,3044449,3026966,17483,60.06,64.08,3.1,8.9,20.9,19.6,47.5,18.5,81.5,16.6,0,1.75,0,7495
DM_017,63267393,54274118,3186179,3152792,33387,61.72,62.32,4.2,1.4,23.3,12.1,59,10.4,89.6,9.3,0.9,0.17,0,9939
MV_095,11848133,7374048,3238559,3222899,15660,55.21,54.54,8.4,28.6,11.1,8.1,43.7,36,64,35.4,0,0.42,0.1,7608
HM_063,15736908,10273900,3354988,3327932,27056,56.33,53.57,2.7,3,16.8,22.1,55.3,9.4,90.6,9,0,0.28,0,7271
DM_014,10095248,4888531,3458382,3438717,19665,58.59,57.98,3.5,3.4,37.6,26.3,29.3,11.7,88.3,9.9,0.2,1.64,0,7538
RM_192,10230822,4815711,3924011,3463443,460568,59.3,50.42,0.5,2.8,53.1,22.5,21.1,9.8,90.2,7.9,0,1.83,0,5551
MV_060,10192475,4576660,4305990,4220623,85367,62.6,50.35,6.6,3.8,7.1,4.7,77.8,7,93,6.6,0,0.41,0,6056
HM_028,10600445,1663785,7688652,7636076,52576,50.79,48.39,25,4.5,8.3,8.5,53.8,12.5,87.5,11,0,1.47,0,2452
MV_008,9884132,1564726,8036192,8024442,11750,99.96,65.47,1.9,2.9,9.6,6.4,79.1,15.8,84.2,10.9,0,4.69,0,2946
RM_060,15165662,4518767,9623468,9599776,23692,81.55,65.25,5.3,8.3,23.6,19.6,43.2,16.2,83.8,15.2,0,0.93,0,5381
MV_024,12603217,2664954,9693252,9687206,6046,105.87,84.98,2.9,15.8,8.5,7.5,65.3,24.6,75.4,20.7,0,3.84,0,5087
HM_004,39691682,20357677,10984972,10861193,123779,53.11,54.59,3.3,2.6,1.8,2.5,89.9,16.7,83.3,15.8,0,0.82,0,8349
DM_C01,71064,43047,17257,NA,17257,61.16,65.11,10.3,17.7,0.7,1.8,69.5,23.1,76.9,22.3,0,0.68,0,1578
EB_10_2,2524,894,23,NA,23,46.56,72.17,NA,NA,NA,NA,NA,10.3,89.7,6.6,0.8,0.22,0,20
EB_11_1,5795,494,5,NA,5,43.4,90.6,NA,NA,NA,NA,NA,3.6,96.4,2.8,0,0,0,4
EB_12_1,3680,487,0,NA,0,41.13,NA,NA,NA,NA,NA,NA,3.5,96.5,3.1,0,0,0,3
EB_13_2,5170,141,0,NA,0,46.68,NA,NA,NA,NA,NA,NA,16.3,83.7,11.4,0,0,0,2
EB_14_2,42974,38,1,NA,1,57.47,46,NA,NA,NA,NA,NA,60.5,39.5,10.5,0,0,0,2
EB_15_2,888,95,1,NA,1,42.93,52,NA,NA,NA,NA,NA,11.6,88.4,10.5,0,0,0,1
EB_16,9547,1303,129,NA,129,43.69,76.67,NA,NA,NA,NA,NA,4.2,95.8,3.5,0,0.23,0,10
EB_18_2,1866,258,8,NA,8,55.38,70.5,NA,NA,NA,NA,NA,15.5,84.5,14.3,0,0.39,0,18
EB_19_2,1239,198,3,NA,3,44.73,152,NA,NA,NA,NA,NA,4.6,95.5,4,0,0,0,1
EB_2_2,299,1,4,NA,4,35,52.25,NA,NA,NA,NA,NA,0,100,0,0,0,0,NA
EB_20,287,8,0,NA,0,46,NA,NA,NA,NA,NA,NA,0,100,0,0,0,0,NA
EB_21,1646,12,3,NA,3,73.67,56.33,NA,NA,NA,NA,NA,16.7,83.3,16.7,0,0,0,2
EB_22,1,0,0,NA,0,NA,NA,NA,NA,NA,NA,NA,NA,NA,NA,NA,NA,NA,NA
EB_23,184522,140,6,NA,6,52.2,65.33,NA,NA,NA,NA,NA,15.7,84.3,14.3,0,0,0,10
EB_24_2,4780,1357,0,NA,0,42.06,NA,NA,NA,NA,NA,NA,85.4,14.6,0.2,0,0,0,2
EB_25_2,5258,314,0,NA,0,42.17,NA,NA,NA,NA,NA,NA,32.2,67.8,1.3,0,0,0,2
EB_26_2,6421,291,21,NA,21,53.69,59.52,NA,NA,NA,NA,NA,20.6,79.4,13.1,0,0.34,0,18
EB_28,406,7,3,NA,3,55.57,65,NA,NA,NA,NA,NA,42.9,57.1,42.9,0,0,0,2
EB_29,1879,203,6,NA,6,44.6,80.67,NA,NA,NA,NA,NA,NA,NA,NA,NA,NA,NA,NA
EB_5_2,7405,123,3,NA,3,45.69,88.67,NA,NA,NA,NA,NA,4.1,95.9,2.4,0,0,0,2
EB_6_2,9060,51,7,NA,7,49.25,63.71,NA,NA,NA,NA,NA,19.6,80.4,17.7,0,0,0,4
EB_7_1,14322,244,14,NA,14,64.82,53.29,NA,NA,NA,NA,NA,13.9,86.1,10.3,0,2.46,0,20
EB_8_2,8846,233,0,NA,0,40.43,NA,NA,NA,NA,NA,NA,6,94,5.6,0,0.43,0,1
EB_9_2,22084,23,2,NA,2,75.83,76,NA,NA,NA,NA,NA,69.6,30.4,34.8,0,0,0,5
HM_038,1093750,632160,20437,NA,20437,46.23,48.78,15.7,16.2,1,3,64.1,23,77,22.9,0,0.06,0,4658
HM_055,9165215,543747,10457,NA,10457,58.5,62.4,21.6,20.8,3.4,5.7,48.5,40.3,59.7,40.1,0,0.04,0.1,4447
HM_091,2405392,24478,778,NA,778,55.97,68.98,0,0,0,0,100,36.2,63.8,35.9,0,0.09,0.1,886
MS_C02,233939,170590,38778,NA,38778,66.57,77.75,0.3,40.1,1.5,0.8,57.4,21.4,78.6,20.4,0,0.86,0,3116
MS_C03,79445,59511,7958,NA,7958,67.8,72.85,0,15.4,0,0,84.6,20.6,79.4,19.9,0,0.52,0,1876
MV_C02,274538,200363,27644,NA,27644,60.22,66.16,1.7,56.4,0.5,2.1,39.2,16.4,83.6,15.9,0,0.45,0,3383
MV_C03,57644,10917,2326,NA,2326,59.37,64.71,NA,NA,NA,NA,NA,20.9,79.1,20.1,0,0.54,0,529
RB_C01,13316,7525,785,NA,785,63.47,62.78,0,52.5,0,42,5.5,35.8,64.2,35.5,0,0.12,0.1,466
RM_C03,172028,121087,19429,NA,19429,57.88,62.09,29.3,19.3,17.9,20.9,12.6,15.2,84.8,14.2,0.3,0.58,0.1,2355
DM_005,NA,NA,NA,NA,NA,NA,NA,NA,NA,NA,NA,NA,NA,NA,NA,NA,NA,NA,NA
DM_018,NA,NA,NA,NA,NA,NA,NA,NA,NA,NA,NA,NA,NA,NA,NA,NA,NA,NA,NA
DM_023,NA,NA,NA,NA,NA,NA,NA,NA,NA,NA,NA,NA,NA,NA,NA,NA,NA,NA,NA
DM_024,NA,NA,NA,NA,NA,NA,NA,NA,NA,NA,NA,NA,NA,NA,NA,NA,NA,NA,NA
DM_025,NA,NA,NA,NA,NA,NA,NA,NA,NA,NA,NA,NA,NA,NA,NA,NA,NA,NA,NA
DM_C02,NA,NA,NA,NA,NA,NA,NA,NA,NA,NA,NA,NA,NA,NA,NA,NA,NA,NA,NA
EB_1_1,NA,NA,NA,NA,NA,NA,NA,NA,NA,NA,NA,NA,NA,NA,NA,NA,NA,NA,NA
EB_1_2,NA,NA,NA,NA,NA,NA,NA,NA,NA,NA,NA,NA,NA,NA,NA,NA,NA,NA,NA
EB_10_1,NA,NA,NA,NA,NA,NA,NA,NA,NA,NA,NA,NA,NA,NA,NA,NA,NA,NA,NA
EB_11_2,NA,NA,NA,NA,NA,NA,NA,NA,NA,NA,NA,NA,NA,NA,NA,NA,NA,NA,NA
EB_12_2,NA,NA,NA,NA,NA,NA,NA,NA,NA,NA,NA,NA,NA,NA,NA,NA,NA,NA,NA
EB_13_1,NA,NA,NA,NA,NA,NA,NA,NA,NA,NA,NA,NA,NA,NA,NA,NA,NA,NA,NA
EB_14_1,NA,NA,NA,NA,NA,NA,NA,NA,NA,NA,NA,NA,NA,NA,NA,NA,NA,NA,NA
EB_15_1,NA,NA,NA,NA,NA,NA,NA,NA,NA,NA,NA,NA,NA,NA,NA,NA,NA,NA,NA
EB_17_1,NA,NA,NA,NA,NA,NA,NA,NA,NA,NA,NA,NA,NA,NA,NA,NA,NA,NA,NA
EB_17_2,NA,NA,NA,NA,NA,NA,NA,NA,NA,NA,NA,NA,NA,NA,NA,NA,NA,NA,NA
EB_18_1,NA,NA,NA,NA,NA,NA,NA,NA,NA,NA,NA,NA,NA,NA,NA,NA,NA,NA,NA
EB_19_1,NA,NA,NA,NA,NA,NA,NA,NA,NA,NA,NA,NA,NA,NA,NA,NA,NA,NA,NA
EB_2_1,NA,NA,NA,NA,NA,NA,NA,NA,NA,NA,NA,NA,NA,NA,NA,NA,NA,NA,NA
EB_24_1,NA,NA,NA,NA,NA,NA,NA,NA,NA,NA,NA,NA,NA,NA,NA,NA,NA,NA,NA
EB_25_1,NA,NA,NA,NA,NA,NA,NA,NA,NA,NA,NA,NA,NA,NA,NA,NA,NA,NA,NA
EB_26_1,NA,NA,NA,NA,NA,NA,NA,NA,NA,NA,NA,NA,NA,NA,NA,NA,NA,NA,NA
EB_27_1,NA,NA,NA,NA,NA,NA,NA,NA,NA,NA,NA,NA,NA,NA,NA,NA,NA,NA,NA
EB_27_2,NA,NA,NA,NA,NA,NA,NA,NA,NA,NA,NA,NA,NA,NA,NA,NA,NA,NA,NA
EB_3_1,NA,NA,NA,NA,NA,NA,NA,NA,NA,NA,NA,NA,NA,NA,NA,NA,NA,NA,NA
EB_3_2,NA,NA,NA,NA,NA,NA,NA,NA,NA,NA,NA,NA,NA,NA,NA,NA,NA,NA,NA
EB_4_1,NA,NA,NA,NA,NA,NA,NA,NA,NA,NA,NA,NA,NA,NA,NA,NA,NA,NA,NA
EB_4_2,NA,NA,NA,NA,NA,NA,NA,NA,NA,NA,NA,NA,NA,NA,NA,NA,NA,NA,NA
EB_5_1,NA,NA,NA,NA,NA,NA,NA,NA,NA,NA,NA,NA,NA,NA,NA,NA,NA,NA,NA
EB_7_2,NA,NA,NA,NA,NA,NA,NA,NA,NA,NA,NA,NA,NA,NA,NA,NA,NA,NA,NA
EB_8_1,NA,NA,NA,NA,NA,NA,NA,NA,NA,NA,NA,NA,NA,NA,NA,NA,NA,NA,NA
EB_9_1,NA,NA,NA,NA,NA,NA,NA,NA,NA,NA,NA,NA,NA,NA,NA,NA,NA,NA,NA
F_HM_009,NA,NA,NA,NA,NA,NA,NA,NA,NA,NA,NA,NA,NA,NA,NA,NA,NA,NA,NA
F_HM_010,NA,NA,NA,NA,NA,NA,NA,NA,NA,NA,NA,NA,NA,NA,NA,NA,NA,NA,NA
F_HM_011,NA,NA,NA,NA,NA,NA,NA,NA,NA,NA,NA,NA,NA,NA,NA,NA,NA,NA,NA
F_MS_011,NA,NA,NA,NA,NA,NA,NA,NA,NA,NA,NA,NA,NA,NA,NA,NA,NA,NA,NA
F_MS_018,NA,NA,NA,NA,NA,NA,NA,NA,NA,NA,NA,NA,NA,NA,NA,NA,NA,NA,NA
F_MS_020,NA,NA,NA,NA,NA,NA,NA,NA,NA,NA,NA,NA,NA,NA,NA,NA,NA,NA,NA
F_MS_022,NA,NA,NA,NA,NA,NA,NA,NA,NA,NA,NA,NA,NA,NA,NA,NA,NA,NA,NA
F_MS_058,NA,NA,NA,NA,NA,NA,NA,NA,NA,NA,NA,NA,NA,NA,NA,NA,NA,NA,NA
F_MV_023,NA,NA,NA,NA,NA,NA,NA,NA,NA,NA,NA,NA,NA,NA,NA,NA,NA,NA,NA
F_MV_125,NA,NA,NA,NA,NA,NA,NA,NA,NA,NA,NA,NA,NA,NA,NA,NA,NA,NA,NA
F_RM_040,NA,NA,NA,NA,NA,NA,NA,NA,NA,NA,NA,NA,NA,NA,NA,NA,NA,NA,NA
F_RM_041,NA,NA,NA,NA,NA,NA,NA,NA,NA,NA,NA,NA,NA,NA,NA,NA,NA,NA,NA
F_RM_042,NA,NA,NA,NA,NA,NA,NA,NA,NA,NA,NA,NA,NA,NA,NA,NA,NA,NA,NA
F_RM_043,NA,NA,NA,NA,NA,NA,NA,NA,NA,NA,NA,NA,NA,NA,NA,NA,NA,NA,NA
F_RM_053,NA,NA,NA,NA,NA,NA,NA,NA,NA,NA,NA,NA,NA,NA,NA,NA,NA,NA,NA
HM_005,NA,NA,NA,NA,NA,NA,NA,NA,NA,NA,NA,NA,NA,NA,NA,NA,NA,NA,NA
HM_007,NA,NA,NA,NA,NA,NA,NA,NA,NA,NA,NA,NA,NA,NA,NA,NA,NA,NA,NA
HM_012,NA,NA,NA,NA,NA,NA,NA,NA,NA,NA,NA,NA,NA,NA,NA,NA,NA,NA,NA
HM_013,NA,NA,NA,NA,NA,NA,NA,NA,NA,NA,NA,NA,NA,NA,NA,NA,NA,NA,NA
HM_015,NA,NA,NA,NA,NA,NA,NA,NA,NA,NA,NA,NA,NA,NA,NA,NA,NA,NA,NA
HM_016,NA,NA,NA,NA,NA,NA,NA,NA,NA,NA,NA,NA,NA,NA,NA,NA,NA,NA,NA
HM_019,NA,NA,NA,NA,NA,NA,NA,NA,NA,NA,NA,NA,NA,NA,NA,NA,NA,NA,NA
HM_025,NA,NA,NA,NA,NA,NA,NA,NA,NA,NA,NA,NA,NA,NA,NA,NA,NA,NA,NA
HM_034,NA,NA,NA,NA,NA,NA,NA,NA,NA,NA,NA,NA,NA,NA,NA,NA,NA,NA,NA
HM_035,NA,NA,NA,NA,NA,NA,NA,NA,NA,NA,NA,NA,NA,NA,NA,NA,NA,NA,NA
HM_044,NA,NA,NA,NA,NA,NA,NA,NA,NA,NA,NA,NA,NA,NA,NA,NA,NA,NA,NA
HM_045,NA,NA,NA,NA,NA,NA,NA,NA,NA,NA,NA,NA,NA,NA,NA,NA,NA,NA,NA
HM_046,NA,NA,NA,NA,NA,NA,NA,NA,NA,NA,NA,NA,NA,NA,NA,NA,NA,NA,NA
HM_047,NA,NA,NA,NA,NA,NA,NA,NA,NA,NA,NA,NA,NA,NA,NA,NA,NA,NA,NA
HM_051,NA,NA,NA,NA,NA,NA,NA,NA,NA,NA,NA,NA,NA,NA,NA,NA,NA,NA,NA
HM_052,NA,NA,NA,NA,NA,NA,NA,NA,NA,NA,NA,NA,NA,NA,NA,NA,NA,NA,NA
HM_056,NA,NA,NA,NA,NA,NA,NA,NA,NA,NA,NA,NA,NA,NA,NA,NA,NA,NA,NA
HM_068,NA,NA,NA,NA,NA,NA,NA,NA,NA,NA,NA,NA,NA,NA,NA,NA,NA,NA,NA
HM_072,NA,NA,NA,NA,NA,NA,NA,NA,NA,NA,NA,NA,NA,NA,NA,NA,NA,NA,NA
HM_073,NA,NA,NA,NA,NA,NA,NA,NA,NA,NA,NA,NA,NA,NA,NA,NA,NA,NA,NA
HM_079,NA,NA,NA,NA,NA,NA,NA,NA,NA,NA,NA,NA,NA,NA,NA,NA,NA,NA,NA
HM_087,NA,NA,NA,NA,NA,NA,NA,NA,NA,NA,NA,NA,NA,NA,NA,NA,NA,NA,NA
MS_001,NA,NA,NA,NA,NA,NA,NA,NA,NA,NA,NA,NA,NA,NA,NA,NA,NA,NA,NA
MS_002,NA,NA,NA,NA,NA,NA,NA,NA,NA,NA,NA,NA,NA,NA,NA,NA,NA,NA,NA
MS_003,NA,NA,NA,NA,NA,NA,NA,NA,NA,NA,NA,NA,NA,NA,NA,NA,NA,NA,NA
MS_006,NA,NA,NA,NA,NA,NA,NA,NA,NA,NA,NA,NA,NA,NA,NA,NA,NA,NA,NA
MS_007,NA,NA,NA,NA,NA,NA,NA,NA,NA,NA,NA,NA,NA,NA,NA,NA,NA,NA,NA
MS_008,NA,NA,NA,NA,NA,NA,NA,NA,NA,NA,NA,NA,NA,NA,NA,NA,NA,NA,NA
MS_025,NA,NA,NA,NA,NA,NA,NA,NA,NA,NA,NA,NA,NA,NA,NA,NA,NA,NA,NA
MS_034,NA,NA,NA,NA,NA,NA,NA,NA,NA,NA,NA,NA,NA,NA,NA,NA,NA,NA,NA
MS_035,NA,NA,NA,NA,NA,NA,NA,NA,NA,NA,NA,NA,NA,NA,NA,NA,NA,NA,NA
MS_055,NA,NA,NA,NA,NA,NA,NA,NA,NA,NA,NA,NA,NA,NA,NA,NA,NA,NA,NA
MS_093,NA,NA,NA,NA,NA,NA,NA,NA,NA,NA,NA,NA,NA,NA,NA,NA,NA,NA,NA
MS_094,NA,NA,NA,NA,NA,NA,NA,NA,NA,NA,NA,NA,NA,NA,NA,NA,NA,NA,NA
MS_097,NA,NA,NA,NA,NA,NA,NA,NA,NA,NA,NA,NA,NA,NA,NA,NA,NA,NA,NA
MS_098,NA,NA,NA,NA,NA,NA,NA,NA,NA,NA,NA,NA,NA,NA,NA,NA,NA,NA,NA
MS_100,NA,NA,NA,NA,NA,NA,NA,NA,NA,NA,NA,NA,NA,NA,NA,NA,NA,NA,NA
MS_110,NA,NA,NA,NA,NA,NA,NA,NA,NA,NA,NA,NA,NA,NA,NA,NA,NA,NA,NA
MS_111,NA,NA,NA,NA,NA,NA,NA,NA,NA,NA,NA,NA,NA,NA,NA,NA,NA,NA,NA
MS_112,NA,NA,NA,NA,NA,NA,NA,NA,NA,NA,NA,NA,NA,NA,NA,NA,NA,NA,NA
MS_115,NA,NA,NA,NA,NA,NA,NA,NA,NA,NA,NA,NA,NA,NA,NA,NA,NA,NA,NA
MS_116,NA,NA,NA,NA,NA,NA,NA,NA,NA,NA,NA,NA,NA,NA,NA,NA,NA,NA,NA
MS_124,NA,NA,NA,NA,NA,NA,NA,NA,NA,NA,NA,NA,NA,NA,NA,NA,NA,NA,NA
MS_128,NA,NA,NA,NA,NA,NA,NA,NA,NA,NA,NA,NA,NA,NA,NA,NA,NA,NA,NA
MV_001,NA,NA,NA,NA,NA,NA,NA,NA,NA,NA,NA,NA,NA,NA,NA,NA,NA,NA,NA
MV_003,NA,NA,NA,NA,NA,NA,NA,NA,NA,NA,NA,NA,NA,NA,NA,NA,NA,NA,NA
MV_004,NA,NA,NA,NA,NA,NA,NA,NA,NA,NA,NA,NA,NA,NA,NA,NA,NA,NA,NA
MV_009,NA,NA,NA,NA,NA,NA,NA,NA,NA,NA,NA,NA,NA,NA,NA,NA,NA,NA,NA
MV_012,NA,NA,NA,NA,NA,NA,NA,NA,NA,NA,NA,NA,NA,NA,NA,NA,NA,NA,NA
MV_023,NA,NA,NA,NA,NA,NA,NA,NA,NA,NA,NA,NA,NA,NA,NA,NA,NA,NA,NA
MV_031,NA,NA,NA,NA,NA,NA,NA,NA,NA,NA,NA,NA,NA,NA,NA,NA,NA,NA,NA
MV_032,NA,NA,NA,NA,NA,NA,NA,NA,NA,NA,NA,NA,NA,NA,NA,NA,NA,NA,NA
MV_033,NA,NA,NA,NA,NA,NA,NA,NA,NA,NA,NA,NA,NA,NA,NA,NA,NA,NA,NA
MV_034,NA,NA,NA,NA,NA,NA,NA,NA,NA,NA,NA,NA,NA,NA,NA,NA,NA,NA,NA
MV_035,NA,NA,NA,NA,NA,NA,NA,NA,NA,NA,NA,NA,NA,NA,NA,NA,NA,NA,NA
MV_037,NA,NA,NA,NA,NA,NA,NA,NA,NA,NA,NA,NA,NA,NA,NA,NA,NA,NA,NA
MV_047,NA,NA,NA,NA,NA,NA,NA,NA,NA,NA,NA,NA,NA,NA,NA,NA,NA,NA,NA
MV_085,NA,NA,NA,NA,NA,NA,NA,NA,NA,NA,NA,NA,NA,NA,NA,NA,NA,NA,NA
MV_106,NA,NA,NA,NA,NA,NA,NA,NA,NA,NA,NA,NA,NA,NA,NA,NA,NA,NA,NA
MV_116,NA,NA,NA,NA,NA,NA,NA,NA,NA,NA,NA,NA,NA,NA,NA,NA,NA,NA,NA
MV_121,NA,NA,NA,NA,NA,NA,NA,NA,NA,NA,NA,NA,NA,NA,NA,NA,NA,NA,NA
MV_123,NA,NA,NA,NA,NA,NA,NA,NA,NA,NA,NA,NA,NA,NA,NA,NA,NA,NA,NA
MV_125,NA,NA,NA,NA,NA,NA,NA,NA,NA,NA,NA,NA,NA,NA,NA,NA,NA,NA,NA
MV_127,NA,NA,NA,NA,NA,NA,NA,NA,NA,NA,NA,NA,NA,NA,NA,NA,NA,NA,NA
MV_128,NA,NA,NA,NA,NA,NA,NA,NA,NA,NA,NA,NA,NA,NA,NA,NA,NA,NA,NA
MV_129,NA,NA,NA,NA,NA,NA,NA,NA,NA,NA,NA,NA,NA,NA,NA,NA,NA,NA,NA
MV_132,NA,NA,NA,NA,NA,NA,NA,NA,NA,NA,NA,NA,NA,NA,NA,NA,NA,NA,NA
MV_138,NA,NA,NA,NA,NA,NA,NA,NA,NA,NA,NA,NA,NA,NA,NA,NA,NA,NA,NA
MV_143,NA,NA,NA,NA,NA,NA,NA,NA,NA,NA,NA,NA,NA,NA,NA,NA,NA,NA,NA
MV_144,NA,NA,NA,NA,NA,NA,NA,NA,NA,NA,NA,NA,NA,NA,NA,NA,NA,NA,NA
MV_145,NA,NA,NA,NA,NA,NA,NA,NA,NA,NA,NA,NA,NA,NA,NA,NA,NA,NA,NA
MV_146,NA,NA,NA,NA,NA,NA,NA,NA,NA,NA,NA,NA,NA,NA,NA,NA,NA,NA,NA
MV_147,NA,NA,NA,NA,NA,NA,NA,NA,NA,NA,NA,NA,NA,NA,NA,NA,NA,NA,NA
MV_149,NA,NA,NA,NA,NA,NA,NA,NA,NA,NA,NA,NA,NA,NA,NA,NA,NA,NA,NA
MV_150,NA,NA,NA,NA,NA,NA,NA,NA,NA,NA,NA,NA,NA,NA,NA,NA,NA,NA,NA
MV_151,NA,NA,NA,NA,NA,NA,NA,NA,NA,NA,NA,NA,NA,NA,NA,NA,NA,NA,NA
MV_152,NA,NA,NA,NA,NA,NA,NA,NA,NA,NA,NA,NA,NA,NA,NA,NA,NA,NA,NA
MV_156,NA,NA,NA,NA,NA,NA,NA,NA,NA,NA,NA,NA,NA,NA,NA,NA,NA,NA,NA
MV_157,NA,NA,NA,NA,NA,NA,NA,NA,NA,NA,NA,NA,NA,NA,NA,NA,NA,NA,NA
MV_168,NA,NA,NA,NA,NA,NA,NA,NA,NA,NA,NA,NA,NA,NA,NA,NA,NA,NA,NA
MV_170,NA,NA,NA,NA,NA,NA,NA,NA,NA,NA,NA,NA,NA,NA,NA,NA,NA,NA,NA
MV_173,NA,NA,NA,NA,NA,NA,NA,NA,NA,NA,NA,NA,NA,NA,NA,NA,NA,NA,NA
MV_217,NA,NA,NA,NA,NA,NA,NA,NA,NA,NA,NA,NA,NA,NA,NA,NA,NA,NA,NA
MV_218,NA,NA,NA,NA,NA,NA,NA,NA,NA,NA,NA,NA,NA,NA,NA,NA,NA,NA,NA
MV_219,NA,NA,NA,NA,NA,NA,NA,NA,NA,NA,NA,NA,NA,NA,NA,NA,NA,NA,NA
MV_220,NA,NA,NA,NA,NA,NA,NA,NA,NA,NA,NA,NA,NA,NA,NA,NA,NA,NA,NA
MV_221,NA,NA,NA,NA,NA,NA,NA,NA,NA,NA,NA,NA,NA,NA,NA,NA,NA,NA,NA
MV_222,NA,NA,NA,NA,NA,NA,NA,NA,NA,NA,NA,NA,NA,NA,NA,NA,NA,NA,NA
MV_224,NA,NA,NA,NA,NA,NA,NA,NA,NA,NA,NA,NA,NA,NA,NA,NA,NA,NA,NA
MV_226,NA,NA,NA,NA,NA,NA,NA,NA,NA,NA,NA,NA,NA,NA,NA,NA,NA,NA,NA
MV_228,NA,NA,NA,NA,NA,NA,NA,NA,NA,NA,NA,NA,NA,NA,NA,NA,NA,NA,NA
MV_238,NA,NA,NA,NA,NA,NA,NA,NA,NA,NA,NA,NA,NA,NA,NA,NA,NA,NA,NA
MV_242,NA,NA,NA,NA,NA,NA,NA,NA,NA,NA,NA,NA,NA,NA,NA,NA,NA,NA,NA
MV_259,NA,NA,NA,NA,NA,NA,NA,NA,NA,NA,NA,NA,NA,NA,NA,NA,NA,NA,NA
MV_260,NA,NA,NA,NA,NA,NA,NA,NA,NA,NA,NA,NA,NA,NA,NA,NA,NA,NA,NA
MV_261,NA,NA,NA,NA,NA,NA,NA,NA,NA,NA,NA,NA,NA,NA,NA,NA,NA,NA,NA
MV_262,NA,NA,NA,NA,NA,NA,NA,NA,NA,NA,NA,NA,NA,NA,NA,NA,NA,NA,NA
MV_C01,NA,NA,NA,NA,NA,NA,NA,NA,NA,NA,NA,NA,NA,NA,NA,NA,NA,NA,NA
RB_009,NA,NA,NA,NA,NA,NA,NA,NA,NA,NA,NA,NA,NA,NA,NA,NA,NA,NA,NA
RB_C03,NA,NA,NA,NA,NA,NA,NA,NA,NA,NA,NA,NA,NA,NA,NA,NA,NA,NA,NA
RM_051,NA,NA,NA,NA,NA,NA,NA,NA,NA,NA,NA,NA,NA,NA,NA,NA,NA,NA,NA
RM_054,NA,NA,NA,NA,NA,NA,NA,NA,NA,NA,NA,NA,NA,NA,NA,NA,NA,NA,NA
RM_065,NA,NA,NA,NA,NA,NA,NA,NA,NA,NA,NA,NA,NA,NA,NA,NA,NA,NA,NA
RM_067,NA,NA,NA,NA,NA,NA,NA,NA,NA,NA,NA,NA,NA,NA,NA,NA,NA,NA,NA
RM_068,NA,NA,NA,NA,NA,NA,NA,NA,NA,NA,NA,NA,NA,NA,NA,NA,NA,NA,NA
RM_069,NA,NA,NA,NA,NA,NA,NA,NA,NA,NA,NA,NA,NA,NA,NA,NA,NA,NA,NA
RM_090,NA,NA,NA,NA,NA,NA,NA,NA,NA,NA,NA,NA,NA,NA,NA,NA,NA,NA,NA
RM_094,NA,NA,NA,NA,NA,NA,NA,NA,NA,NA,NA,NA,NA,NA,NA,NA,NA,NA,NA
RM_115,NA,NA,NA,NA,NA,NA,NA,NA,NA,NA,NA,NA,NA,NA,NA,NA,NA,NA,NA
RM_119,NA,NA,NA,NA,NA,NA,NA,NA,NA,NA,NA,NA,NA,NA,NA,NA,NA,NA,NA
RM_139,NA,NA,NA,NA,NA,NA,NA,NA,NA,NA,NA,NA,NA,NA,NA,NA,NA,NA,NA
RM_143,NA,NA,NA,NA,NA,NA,NA,NA,NA,NA,NA,NA,NA,NA,NA,NA,NA,NA,NA
RM_148,NA,NA,NA,NA,NA,NA,NA,NA,NA,NA,NA,NA,NA,NA,NA,NA,NA,NA,NA
RM_150,NA,NA,NA,NA,NA,NA,NA,NA,NA,NA,NA,NA,NA,NA,NA,NA,NA,NA,NA
RM_154,NA,NA,NA,NA,NA,NA,NA,NA,NA,NA,NA,NA,NA,NA,NA,NA,NA,NA,NA
RM_174,NA,NA,NA,NA,NA,NA,NA,NA,NA,NA,NA,NA,NA,NA,NA,NA,NA,NA,NA
RM_194,NA,NA,NA,NA,NA,NA,NA,NA,NA,NA,NA,NA,NA,NA,NA,NA,NA,NA,NA
RM_196,NA,NA,NA,NA,NA,NA,NA,NA,NA,NA,NA,NA,NA,NA,NA,NA,NA,NA,NA
RM_198,NA,NA,NA,NA,NA,NA,NA,NA,NA,NA,NA,NA,NA,NA,NA,NA,NA,NA,NA
RM_204,NA,NA,NA,NA,NA,NA,NA,NA,NA,NA,NA,NA,NA,NA,NA,NA,NA,NA,NA
