Ext.ID,merged_count,unmapped_count,mapped_count,host_count,human_count,phix_count,submitted_F_avlength,submitted_R_avlength,merged_avlength,unmapped_avlength,mapped_avlength,perc_unique,p_OralH,p_OralMM,p_OralTM,p_Rumen,p_Sediment.Soil,p_Skin,p_Unknown,submitted_count
DM_002,7992890,7779418,213472,205595,7877,0,69.663242575386,67.4827640178864,61.0074446164028,61.244816257463,52.8320763378804,93.9253448575799,48.647,0.4723,11.4578,1.4224,4.3493,4.2697,29.3816,8005433
DM_003,3718818,7320896,116740,54256,4114,0,69.1241781971725,66.6341972026008,59.8719402240174,60.5292849399855,51.0453657700874,93.7459568558653,44.006,0.2088,7.0705,3.1824,3.3737,0.6058,41.5528,3723673
DM_004,4436983,8815798,58168,24308,4776,0,68.5335315011925,65.7462505817044,58.6554825655181,58.761487729188,42.6946774859029,93.9409673292577,38.6742,0.3326,6.3131,2.4764,3.1906,1.6664,47.3467,4441689
DM_005,8254833,8142226,112607,88331,24276,0,68.1053396273016,66.6009413174217,60.5863491120898,60.6520698393781,55.8342998215031,91.3758852918519,54.5178,0.5131,5.2317,5.039,4.8261,0.9157,28.9565,8279885
DM_006,2814805,5582492,47118,16172,7387,0,64.5707906561654,59.8020365859022,52.964203559394,53.1257750123063,33.821342162231,96.6931497579212,35.2807,0.5608,9.5736,1.8206,5.0574,4.2362,43.4707,2819228
DM_007,4914057,9675096,153018,59759,16750,0,66.966686301433,62.2786434291364,55.5060684074279,56.3037377613618,38.4102915996811,95.94589695454,24.8037,0.5475,9.8006,1.6306,4.083,4.7831,54.3515,4943612
DM_008,3451272,3430714,20558,16386,4172,0,66.0722137975104,62.9978269156682,56.7169736259559,56.8016561567067,42.5851250121607,96.2622925886883,40.804,0.8813,14.5113,1.7179,8.648,8.2013,25.2362,3460059
DM_009,1541026,1498059,42967,40574,2393,0,64.6757655991888,61.4331201230249,54.6445880861192,54.550249356,57.9337165731841,93.3487798183506,38.5607,0.9565,14.8941,4.3954,15.2858,6.1125,19.795,1542452
DM_010,12427525,24637862,217188,77511,31083,0,69.749803949015,66.2398074508263,60.380474953782,60.5963215477057,35.8947639832772,95.6768396136856,28.0825,0.4056,5.8517,1.363,3.2287,2.0264,59.0421,12487823
DM_011,2256899,4439740,74058,33026,4003,0,60.9073033011332,55.0534419423515,47.8768292245244,47.9923756796569,40.9498501174755,92.1177157072177,38.9458,0.4861,7.3612,1.3891,4.4292,4.2507,43.1379,2258376
DM_012,11340195,21912104,768286,325886,58253,4,70.0035385767037,64.179245966654,57.5837082166576,57.7738813214833,52.1598258981681,93.6002090896066,27.492,0.389,7.9476,1.3849,3.0673,3.2232,56.496,11370956
DM_013,6331924,5137792,1194132,1172265,21867,0,68.4655413964265,64.9959050444544,58.8108011087941,61.0237545622711,52.0144649000278,94.3337499969111,41.814,0.9096,10.8233,2.7563,5.5499,4.654,33.4928,6359776
DM_014,8043725,4617034,3426691,3318077,108613,1,64.6384644121906,59.5106817459068,52.583079108249,52.6968382732291,52.4298029790255,93.836151748591,55.6133,0.8395,14.4851,1.644,1.7552,9.2565,16.4063,8097225
DM_015,3841331,3809810,31521,23060,8461,0,66.3561366588724,64.7298012470772,58.2210002210171,58.3965050750562,36.9169759842645,97.3655422916061,42.4338,0.8393,13.4287,1.5416,7.7756,5.2908,28.6902,3849000
DM_016,14527590,14279869,247721,145578,102142,1,60.5474505032439,59.4759944658943,52.051396067758,52.2634911426709,39.6324332616129,95.2265059604186,66.0996,0.1858,11.9628,1.7861,3.0094,0.7518,16.2047,14550499
DM_019,6279454,6232057,47397,27419,19977,1,63.4420024478059,61.0611064241042,54.3693835483149,54.5667929545574,28.4127476422558,97.0740852609366,40.4201,0.635,9.793,2.1814,9.3005,5.8024,31.8676,6311775
DM_020,14422457,13550309,872148,738426,133721,1,60.1041450894719,58.7740343731369,51.73808699863,52.7085033263817,45.3084614079262,96.3279384669492,39.6397,0.5809,7.4786,2.1074,7.5844,3.9115,38.6976,14461642
DM_021,4651243,4528588,122655,84948,37707,0,60.694889595753,55.8663016347269,49.1080472467252,49.5270669356541,33.6372752843341,96.9588476262905,53.3852,0.647,14.777,2.2673,3.8854,10.4701,14.568,4660962
DM_022,11007820,10841572,166248,85140,81105,3,59.6269318236241,58.3121044378428,51.1800773450147,51.5975208207813,23.2973990664549,97.2462056598286,45.4122,0.5406,8.8048,2.6621,7.9259,3.2237,31.4308,11024816
DM_026,5395665,5359336,36329,18760,17569,0,73.8997685566765,73.4349569030848,68.2976491312934,68.5996211097793,22.9989264774698,93.8753620884611,36.8371,0.4733,26.4027,0.926,8.4765,12.8038,14.0806,5423358
DM_027,4969563,4919146,50417,28622,21795,0,65.8406163501425,62.0936320621951,55.7166517458376,56.0236232061419,25.7656742765337,95.9947173197565,39.7089,0.3994,10.3368,1.1832,7.797,7.5861,32.9887,4991773
DM_028,8371550,8074281,297269,156575,140690,4,60.4717119348554,53.8506023326044,46.0465139669476,46.9126808938158,21.927506736323,95.5493976820461,35.8507,0.3573,12.5922,1.3276,12.9724,5.5139,31.386,8383076
DM_029,8282697,7624031,658666,494976,163687,3,58.9850732452608,51.3248380128548,43.7889043870614,44.6820573001343,33.4506942820792,93.341848076178,38.4114,0.4593,10.1891,1.515,12.8309,7.2072,29.3871,8296646
DM_C01,66469,47715,18754,NA,18754,0,64.8269339862061,64.4912668318753,58.3195625028209,57.1456984176884,61.834275354591,90.7398560893321,9,0,24,0,30.5,18.75,17.75,66986
EB_10_2,712,613,99,NA,99,0,57.0279805352798,45.9902676399027,45.0814606741573,47.2610114192496,31.5858585858586,89.9026763990268,NA,NA,NA,NA,NA,NA,NA,822
EB_11_1,625,506,119,NA,119,0,51.4832474226804,40.9085051546392,36.5184,39.8735177865613,20.9075630252101,58.9561855670103,NA,NA,NA,NA,NA,NA,NA,776
EB_12_1,362,273,89,NA,89,0,41.6531791907514,32.0202312138728,34.1823204419889,39.4798534798535,18.4494382022472,45.1589595375723,NA,NA,NA,NA,NA,NA,NA,692
EB_13_2,666,108,558,NA,558,0,61.6442432082794,31.8395860284605,21.003003003003,48.4074074074074,16.4641577060932,31.6300129366106,NA,NA,NA,NA,NA,NA,NA,773
EB_14_2,18,14,4,NA,4,0,48.6315789473684,56.2485380116959,48.5555555555556,54.8571428571428,26.5,34.2105263157895,NA,NA,NA,NA,NA,NA,NA,342
EB_15_2,65,60,5,NA,5,0,57.7283950617284,40.5679012345679,39.6,40.8666666666667,25,87.6543209876543,NA,NA,NA,NA,NA,NA,NA,81
EB_16,781,520,261,NA,261,0,55.3644859813084,51.1542056074766,47.0102432778489,46.8288461538462,47.3563218390805,76.0747663551402,NA,NA,NA,NA,NA,NA,NA,1070
EB_17_2,91,70,21,NA,21,0,55.7516339869281,53.4509803921569,38.8791208791209,42.7714285714286,25.9047619047619,72.2222222222222,NA,NA,NA,NA,NA,NA,NA,153
EB_18_2,437,261,176,NA,176,0,46.6959459459459,42.2364864864865,39.6247139588101,52.7739463601533,20.1193181818182,57.0101351351351,NA,NA,NA,NA,NA,NA,NA,592
EB_19_2,179,146,33,NA,33,0,48.3898305084746,42.3813559322034,42.0279329608939,44.1506849315069,31.0909090909091,91.9491525423729,NA,NA,NA,NA,NA,NA,NA,236
EB_20,17,9,8,NA,8,0,35.5714285714286,31.3571428571429,31.0588235294118,42.2222222222222,18.875,78.5714285714286,NA,NA,NA,NA,NA,NA,NA,28
EB_21,20,14,6,NA,6,0,39.0512820512821,36.3589743589744,57.25,65.9285714285714,37.6666666666667,39.3162393162393,NA,NA,NA,NA,NA,NA,NA,117
EB_2_2,4,0,4,NA,4,0,49.6666666666667,55,52.25,NA,52.25,91.6666666666667,NA,NA,NA,NA,NA,NA,NA,6
EB_22,NA,NA,NA,NA,NA,NA,NA,NA,NA,NA,NA,NA,NA,NA,NA,NA,NA,NA,NA,NA
EB_23,345,190,155,NA,155,0,41.5648246546227,44.9117959617428,33.6608695652174,44.2789473684211,20.6451612903226,30.3400637619554,NA,NA,NA,NA,NA,NA,NA,1882
EB_24_2,93,58,35,NA,35,0,60.8156424581006,42.9050279329609,32.9032258064516,41.2068965517241,19.1428571428571,85.4748603351955,NA,NA,NA,NA,NA,NA,NA,179
EB_25_2,358,277,81,NA,81,0,60.8585461689587,43.3831041257367,32.6312849162011,37.1768953068592,17.7654320987654,68.2711198428291,NA,NA,NA,NA,NA,NA,NA,509
EB_26_2,361,293,68,NA,68,0,58.062124248497,57.8216432865731,47.6731301939058,51.4300341296928,31.4558823529412,84.7695390781563,NA,NA,NA,NA,NA,NA,NA,499
EB_28,12,8,4,NA,4,0,58,60.3157894736842,51.8333333333333,51.875,53,86.8421052631579,NA,NA,NA,NA,NA,NA,NA,19
EB_29,171,145,26,NA,26,0,51.1737288135593,57.7415254237288,43.5964912280702,45.3310344827586,33.0769230769231,86.6525423728814,NA,NA,NA,NA,NA,NA,NA,236
EB_5_2,140,119,21,NA,21,0,35.2971014492754,35.5416666666667,40.4928571428571,42.5798319327731,28.6666666666667,34.1485507246377,NA,NA,NA,NA,NA,NA,NA,552
EB_6_2,105,71,34,NA,34,0,48.4685185185185,56.9518518518518,37.7428571428571,42.169014084507,26.1176470588235,48.0555555555556,NA,NA,NA,NA,NA,NA,NA,540
EB_7_1,371,282,89,NA,89,0,70.4645669291339,58.6422947131609,50.7412398921833,59.3333333333333,22.4269662921348,66.2542182227222,NA,NA,NA,NA,NA,NA,NA,889
EB_8_2,736,127,609,NA,609,0,76.8096947935368,32.9003590664273,20.6847826086956,41.4173228346457,17.1165845648604,29.443447037702,NA,NA,NA,NA,NA,NA,NA,1114
EB_9_2,45,35,10,NA,10,0,63.4141414141414,71.5858585858586,40.6666666666667,43.2857142857143,30.4,33.7542087542088,NA,NA,NA,NA,NA,NA,NA,594
HM_001,5220441,5102638,117803,60758,57045,0,59.6189477996798,51.4258064048088,44.2850004434491,44.753353265507,23.998293761619,96.1163638662161,12.4317,0.6612,46.5703,0.6921,6.9026,18.7714,13.9708,5238033
HM_002,710894,681293,29601,15575,14026,0,53.5513063254913,44.4111463925119,36.8020787909309,37.3658323217764,23.3470490861795,93.0154274710275,43.6214,0.1646,12.8395,0,5.1852,1.5638,36.6255,711423
HM_003,1382793,1303757,79036,41795,37240,1,61.0998451738891,54.5850588115672,46.9407973572328,47.6918183373129,34.432752163571,91.4382390115265,23.218,0.6622,30.0986,0.1674,3.9883,25.4139,16.4516,1386717
HM_004,36966218,24025785,12940433,12421648,518780,5,59.6979695040658,56.5510973540442,48.8063784615456,48.4036060840468,49.5541829241726,84.5048036328312,7.5815,1.1947,51.3558,0.196,3.0529,4.8096,31.8095,37082517
HM_006,5135115,4987207,147908,127666,20242,0,67.5716353181677,63.5925362374695,57.7800282953741,58.2628360924261,41.5005611596398,96.4171786341894,4.1905,0.4532,66.063,0.4475,4.3476,5.1617,19.3365,5150539
HM_008,10653,9332,1321,1158,163,0,57.1443820224719,49.9967228464419,42.4603398103821,42.9144877839691,39.2513247539743,91.8586142322097,0,0,0,0,0,0,100,10680
HM_009,449265,336001,113264,94570,18694,0,49.8818471677473,41.9787436520007,33.9034957096591,33.3751268597415,35.4709086735415,92.7151099134398,9.5299,2.2222,35.5983,0,2.0513,44.2735,6.3248,449748
HM_010,18766751,17720606,1046145,700475,345665,5,51.2748077801284,45.6271779926054,37.841626448819,38.1670012300934,32.3301148502359,91.7521609284151,5.8776,0.3145,63.4078,0.2963,2.7849,17.2069,10.112,18777325
HM_011,10454757,9932660,522097,360719,161376,2,56.1536592040493,48.7608696296335,41.2711686173098,41.595469894268,35.101483057746,91.9545207062207,9.385,0.4317,55.1953,0.5629,5.4593,17.6463,11.3195,10461879
HM_012,2449828,2200617,249211,81956,167255,0,60.5842831739471,54.6313809696427,46.984877713864,46.8080470159051,48.5463442624924,89.9317685738177,9.7283,0.4672,56.6223,0.5264,3.7848,21.2406,7.6303,2452429
HM_014,427812,389176,38636,32737,5899,0,52.4181760888847,48.0578054245833,40.5147775190972,40.7437534688676,38.2083290195672,86.3826182438883,22.7718,0.56,9.3327,0.28,0,8.0261,59.0294,428420
HM_017,8703,7977,726,326,400,0,41.2562228819365,40.2484585521809,31.1729288751005,32.0436254230914,22.0757575757576,92.7894496460379,NA,NA,NA,NA,NA,NA,NA,8758
HM_018,95482,92326,3156,1437,1719,0,47.8625486351364,46.1891919637816,38.8356339414759,39.4228819617443,21.0690747782003,90.7149236723506,46.1538,0,14.4231,0,0,0,39.4231,97409
HM_020,772782,720631,52151,24824,27327,0,66.1107372878179,39.9318574565684,32.4143134803864,33.1031498783705,22.3943548541735,93.9153499210422,59.3377,0,1.3029,0,0.5972,5.1031,33.6591,773687
HM_021,10702312,10443944,258368,131813,126555,0,57.88496170796,55.6182766537367,48.2331708326201,48.774179754315,26.3641008174387,82.9792656163885,32.8783,0.2419,5.3634,0.2557,11.5942,5.3945,44.272,10735521
HM_022,6841566,5944307,897259,774301,122957,1,50.3852614045535,47.1567946838204,39.4231718293736,40.185346079871,34.3737961948557,87.0513356501824,57.8453,0.1015,3.0007,0.3218,9.4602,5.6651,23.6055,6868090
HM_023,4272621,3957270,315351,217176,98175,0,49.2808781468607,45.6337547381611,37.7589804946425,38.3582320640239,30.239101826219,87.6719094029318,34.1153,0.0523,6.9329,0,20.3715,3.6714,34.8565,4350844
HM_024,13000265,11928309,1071956,675166,396790,0,53.4703060373792,50.4199358454518,42.78130015042,43.1499055733717,38.6796015881249,71.910817073237,14.7635,0.3332,26.9614,0.7414,8.5111,23.5784,25.1109,13109281
HM_026,5554908,4222188,1332720,1251462,81258,0,48.8512830472685,45.5934989468964,37.8878199242904,37.6313522751711,38.7003339035957,89.5085427744854,39.5386,0.4249,15.7185,0.8358,13.0742,11.3359,19.0722,5565929
HM_027,8388,7354,1034,576,458,0,46.5695894224078,40.2584087218743,31.1665474487363,31.9876257818874,24.8297872340426,91.6840640222686,NA,NA,NA,NA,NA,NA,NA,8622
HM_028,10519254,1948845,8570409,8472043,98366,0,55.1790952011927,53.5648273178683,46.2692806923381,47.148899989481,46.069261922039,82.8584419812951,30.9687,0.6506,7.627,0.1084,13.9075,6.9131,39.8247,10532242
HM_029,2977700,2676818,300882,191799,109081,2,47.4374894887812,41.7030425748751,33.5109211807771,34.2656956879399,26.7960163785138,89.4759271759242,40.1738,0,7.3055,0,23.8252,3.0143,25.6812,2984906
HM_030,7473742,7247352,226390,127448,98940,2,56.1257066131224,51.3398890799634,43.9415540434765,44.4502292699458,27.6574892883961,88.2206240119283,39.7552,0.1237,2.2733,0.0554,9.7287,4.1286,43.935,7483409
HM_031,8174446,7990037,184409,101376,83033,0,66.6523130726015,56.9369452898934,49.4882985342371,50.6539317652722,23.0559354478361,93.928681629123,53.6355,0.4406,10.5237,1.7477,2.7854,0.5437,30.3234,8188286
HM_032,2261551,2191788,69763,49239,20524,0,65.0914179317894,53.7115190184179,46.7620341084504,47.0148431326387,38.819359832576,91.6705734284061,32.5704,0.8677,14.5184,3.1061,2.5654,12.7515,33.6205,2272902
HM_033,2656803,2540959,115844,27697,88147,0,63.0283255627085,57.1635848897942,51.0295795360062,51.1960747890855,47.3776199026277,96.5584560882924,29.8766,0.3084,1.9301,5.9865,10.7206,6.0613,45.1164,2675675
HM_036,8021962,7869379,152583,92488,60095,0,64.7372220427427,61.9481449389572,54.7260301158245,55.2356942015374,28.0140054920928,91.319135659738,37.4654,0.6007,8.5499,2.6744,9.6039,7.4653,33.6405,8032485
HM_037,3579114,3550900,28214,14348,13866,0,56.663176191698,53.679131385714,46.4487199904781,46.6330031822918,23.2555468916141,92.5416093718729,38.0323,0.8694,11.0934,4.821,13.1293,5.9679,26.0867,3581843
HM_038,793835,757720,36115,NA,36115,0,60.8563433130148,49.0750787885554,42.5722347843066,42.8395449506414,36.963837740551,88.4255516675307,24.2339,1.2673,18.417,2.628,23.808,20.0686,9.5772,824041
HM_039,11937813,11639580,298233,161681,136552,0,67.2776321128682,57.1054019574966,49.6602783106085,50.3290190883176,23.0089393192571,93.4222515248084,5.9639,0.4258,40.4181,0.6356,9.8604,10.1373,32.5589,11954759
HM_040,5879251,5731676,147575,76870,70705,0,58.131639707254,53.866786965667,46.1423273134622,46.724553865222,22.9468270370998,91.1779698178567,11.3621,0.6421,30.0303,0.9609,6.2412,17.4509,33.3125,5918032
HM_043,4649488,4567745,81743,41599,40144,0,52.8010406162978,47.3179614494678,39.848349108547,40.1427925595671,23.3950430006239,90.293232311001,12.572,0.36,15.3514,0.3024,0.4464,2.2609,68.7068,4668003
HM_048,3030209,2990440,39769,19023,20746,0,55.2977609792332,51.8907145803241,44.6206736895046,44.8550126402804,26.9993965148734,90.9317664469895,40.8511,0.9612,8.4144,1.2868,8.3485,7.7323,32.4057,3033067
HM_049,755,725,30,14,16,0,61.2747111681643,57.6546854942234,50.8397350993378,52.04,21.9,93.3247753530167,NA,NA,NA,NA,NA,NA,NA,779
HM_050,2895773,2783861,111912,69696,42216,0,52.9116703540204,50.1622930905034,42.5984478065097,42.9873316232384,32.9247801844306,89.6293662998314,40.5691,0.6512,12.1293,2.0639,14.4336,6.1849,23.9681,2900906
HM_053,1929819,1796725,133094,83701,49393,0,52.9842858032401,47.353759833595,39.7761665731346,40.3063484951787,32.6188859001908,88.8747667088533,52.0039,0.8268,10.0056,0.2733,2.6976,11.6101,22.5827,1943211
HM_054,14790296,11502797,3287499,2948380,339115,4,52.2056041348154,49.2297782733815,41.0542818750889,40.825600503947,42.2613898893962,70.7471210014904,22.7239,0.5059,9.7865,0.2511,2.163,11.5755,52.9942,14864025
HM_055,627350,593887,33463,NA,33463,0,58.5206481111674,60.2303808542511,53.7738806089105,54.902215404614,33.7167617966112,67.8449443387951,17.3298,0.9918,17.9225,1.9484,25.6045,24.5657,11.6373,893859
HM_057,3640580,3263210,377370,107960,269409,1,51.1155523790735,43.3783544029133,35.4777277247032,35.9799724810846,31.1346900919522,90.5800551181235,48.7261,0.7197,10.1986,0.3095,4.5559,10.5153,24.9748,3654637
HM_058,801052,745519,55533,25009,30524,0,50.9248011001618,43.2318399184844,35.4054318571079,36.3720455146012,22.428826103398,91.8310892308463,32.024,0.4364,25.15,0,0.1091,12.0022,30.2782,802791
HM_059,5203275,4958744,244531,138168,106361,2,53.0361981489581,47.1076216188611,39.5338003468969,40.1268674083599,27.5072240329447,91.9622035989231,42.8571,0.6334,13.1588,1.3404,5.4875,5.1865,31.3362,5208526
HM_060,3237972,3113603,124369,107062,17307,0,72.9250901104042,72.1520388234779,67.0016695635416,67.9309160480639,43.8882197332133,84.2658343481345,8.4899,0.6028,23.5859,0.0904,6.179,16.3619,44.69,3266271
HM_061,3280289,1844421,1435868,1410256,25612,0,69.4106674309275,68.2965630657432,62.0997768794152,65.4642475877254,58.2776849961138,70.0444442036433,14.1852,0.6389,36.0899,0.139,0.562,20.8577,27.5274,3304282
HM_062,10193488,9519632,673856,517652,156201,3,54.8459257995361,49.9045450142226,42.4403487795346,43.0296133295909,34.1157472813183,89.8427972718901,38.89,0.4839,14.2321,0.1087,4.1985,10.7433,31.3436,10209451
HM_063,15415916,11522015,3893901,3774316,119583,2,61.5763833279068,58.9495258592354,51.6585107235924,52.5195521790242,49.5850246321106,83.869936016571,34.2078,0.5545,9.808,1.4232,2.2655,4.0485,47.6923,15454904
HM_064,4809278,4423341,385937,345190,40747,0,66.5941325013467,64.7251693605556,58.1548758462289,58.9358873756285,49.4685997973763,86.3118160194976,16.713,0.1419,4.1896,0.1703,4.9276,2.4014,71.4561,4817385
HM_065,6044353,5554271,490082,382651,107431,0,58.9766009842047,54.8602556118117,47.1639631239274,48.2346619385334,35.1063679139409,88.781178669296,32.2753,0.4285,12.2898,1.6019,7.8104,8.2887,37.3054,6055041
HM_066,7943995,7738542,205453,98178,107273,2,67.584185153129,64.7510499787893,58.2810044568256,59.2336703735665,21.7625004258882,89.9479430750549,7.2407,0.279,52.2484,0.4141,5.2381,15.8147,18.7649,7958256
HM_067,5500749,5314221,186528,104199,82329,0,60.7034231449244,57.1013454689499,49.6058154989439,50.4249631319435,25.8229059444159,90.1851347560593,8.2015,0.3658,55.6583,0.485,4.3216,18.2424,12.7254,5513468
HM_070,5879679,5840271,39408,29596,9812,0,63.6543706800391,62.7220890135769,55.8343356839719,55.939113099375,40.3062576126675,91.646248198048,12.4757,0.3435,1.7997,36.3568,0.4605,0.8413,47.7224,5886338
HM_071,3874810,3595600,279210,253347,25863,0,52.3717565571054,50.6210749163876,43.2887764819436,43.4196890644121,41.6029153683607,89.4110380672882,34.3297,0.4398,10.5315,3.017,13.9078,6.6937,31.0804,3916286
HM_074,13620352,13505338,115014,65473,49541,0,55.9837547255039,54.7297044375449,47.0005874297522,47.1675473061096,27.055601926722,89.3467916539326,39.2094,0.5591,8.0091,3.3161,5.2595,3.3544,40.2924,13643783
HM_075,835616,805497,30119,23497,6622,0,62.0221314129313,62.1773127376789,55.6985397598897,56.7069809074398,43.1611607291079,79.6913519296369,18.2647,0.2187,5.3591,4.7576,1.4218,4.5388,65.4393,994514
HM_076,26409186,25832893,576293,279766,296526,1,52.467036276262,49.9944194286251,42.0137409763406,42.4502876236123,21.8588478430243,90.4288543757209,28.096,0.3787,20.9042,0.8011,5.7578,9.3372,34.7251,26491015
HM_077,8295031,8216584,78447,36865,41582,0,61.368107250508,58.9146062249015,51.5670077664568,51.8407576676633,22.1508534424516,91.1815847200171,29.8396,3.9278,9.8751,1.7791,5.2419,4.5143,44.8221,8307280
HM_078,19923132,19710716,212416,105019,107396,1,64.6528487485962,62.6345645154821,55.4783615347226,55.8202201279751,22.948817414884,91.3690193657838,19.2534,3.2779,7.4378,1.1249,4.5556,3.911,60.4394,19945600
HM_080,14917242,14568425,348817,181166,167647,4,63.4547770309261,60.7119525289064,53.5293768110754,54.2406100865399,23.2358428631632,90.7916772853143,21.7276,3.8715,7.9561,1.3338,5.6839,4.5633,54.8638,14972480
HM_081,10271987,10126777,145210,92364,52846,0,66.2688074852355,64.6567187171222,57.9962636245548,58.4058843203519,29.0753667102817,91.6265273317061,21.4681,3.1046,15.3033,1.4818,5.2114,4.3966,49.0342,10289055
HM_082,268,254,14,4,10,0,62.0824175824176,54.3351648351648,49.7910447761194,51.3031496062992,22.2142857142857,94.2307692307692,NA,NA,NA,NA,NA,NA,NA,364
HM_083,3847672,3817353,30319,22326,7993,0,62.6861594291306,61.4013633166077,54.5032705490489,54.6457912066293,36.5589564299614,90.8216615070957,28.8401,6.5794,8.5051,2.6077,3.1518,5.1903,45.1256,3852370
HM_084,15448036,15369896,78140,49626,28514,0,68.8432929062591,68.3023696664079,61.8768392952994,62.0269155367089,32.009278218582,90.652889276305,21.1819,4.2568,6.5073,1.1832,4.6044,3.6135,58.6528,15466945
HM_085,9547817,9325761,222056,183471,38585,0,66.3231254031975,63.3684570237423,56.8672596049966,57.7974443050814,39.3495514644954,96.0825875392865,29.5939,4.2972,9.6438,1.8539,6.0292,4.7581,43.8239,9573472
HM_086,984602,820412,164190,158082,6108,0,67.4367206262121,66.0045569187793,59.6153075049614,61.9032400793748,48.6808210000609,91.1845903946217,30.4718,2.5517,10.9584,0.5143,0.8011,11.5122,43.1906,995190
HM_088,13767894,13614354,153540,72235,81304,1,62.7145023500262,60.2782946567188,52.9535176549151,53.2780319947608,23.3635730102905,91.1678233370315,22.6274,3.8278,8.0507,1.5931,4.5665,3.9991,55.3353,13782187
HM_089,13931831,13645376,286455,145393,141061,1,55.8924037197091,52.1168121447079,44.278568409278,44.6989985472002,23.5810860344557,91.7928456565338,32.0675,3.8596,8.2489,1.5178,3.7107,2.9477,47.6477,13943456
HM_090,9304530,9270703,33827,23098,10728,1,63.5385500877698,63.544776007369,57.0035824485493,57.0901331862319,33.283294409791,96.2716205680093,24.1849,4.2943,10.448,1.8047,5.6742,4.9367,48.6571,9325530
HM_091,26101,23732,2369,NA,2369,0,56.8754358481985,60.7487156164199,52.5274127428068,54.7963509185909,35.7222456732799,40.6109454747587,1.5707,0.9162,45.8551,0.3054,20.8988,29.014,1.4398,59367
LB_11,30,25,5,NA,5,0,60.4571428571429,55.9428571428571,30.6666666666667,33.2,19.2,55.7142857142857,NA,NA,NA,NA,NA,NA,NA,105
LB_12,30,16,14,NA,14,0,48.3478260869565,45.3913043478261,30.6666666666667,41.375,19.0714285714286,81.8840579710145,NA,NA,NA,NA,NA,NA,NA,69
LB_13,100,95,5,NA,5,0,49.9787234042553,50.563829787234,35.58,36.5263157894737,18.4,60.9042553191489,NA,NA,NA,NA,NA,NA,NA,188
LB_14,1151,709,442,NA,442,0,45.8728813559322,43.4400726392252,33.6846220677672,42.181946403385,20.2466063348416,45.6113801452784,NA,NA,NA,NA,NA,NA,NA,1652
LB_15,228,66,162,NA,162,0,46.5301455301455,48.049896049896,25.4210526315789,45.4848484848485,16.5432098765432,37.1101871101871,NA,NA,NA,NA,NA,NA,NA,481
LB_16,17,8,9,NA,9,0,57.8829268292683,72.3146341463415,32.5294117647059,47.5,18.6666666666667,30.6707317073171,NA,NA,NA,NA,NA,NA,NA,820
LB_17,25,20,5,NA,5,0,40.48,42,38.32,43,20,92,NA,NA,NA,NA,NA,NA,NA,50
LB_18,15,12,3,NA,3,0,47.4590163934426,48.9508196721311,25.6666666666667,27.4166666666667,18.6666666666667,44.672131147541,NA,NA,NA,NA,NA,NA,NA,122
LB_19,NA,NA,NA,NA,NA,NA,NA,NA,NA,NA,NA,NA,NA,NA,NA,NA,NA,NA,NA,NA
LB_1,6,2,4,NA,4,0,39.0769230769231,29.3846153846154,26.5,40,19.75,100,NA,NA,NA,NA,NA,NA,NA,13
LB_20,136,14,122,NA,122,0,29.3248407643312,28.3566878980892,17.8823529411765,38.1428571428571,16.3688524590164,37.2611464968153,NA,NA,NA,NA,NA,NA,NA,157
LB_21,10,5,5,NA,5,0,46.8723404255319,56.468085106383,39.5,57,20.8,52.6595744680851,NA,NA,NA,NA,NA,NA,NA,94
LB_23,41,33,8,NA,8,0,56.5063291139241,41.0632911392405,40.5121951219512,44.6969696969697,22.375,77.8481012658228,NA,NA,NA,NA,NA,NA,NA,79
LB_24,717,612,105,NA,105,0,60.9706202393906,44.6539717083787,42.3682008368201,46.3937908496732,18.6571428571429,84.9292709466812,NA,NA,NA,NA,NA,NA,NA,919
LB_25,40,17,23,NA,23,0,46,34.6122448979592,26.9,40.7647058823529,17.9130434782609,71.4285714285714,NA,NA,NA,NA,NA,NA,NA,49
LB_26,27,19,8,NA,8,0,46.9090909090909,39.8484848484849,34.2962962962963,41.0526315789474,18.875,74.2424242424242,NA,NA,NA,NA,NA,NA,NA,66
LB_27,25,21,4,NA,4,0,50.9180327868852,51.7377049180328,36.4,39.8095238095238,19,75.4098360655738,NA,NA,NA,NA,NA,NA,NA,61
LB_28,80,71,9,NA,9,0,47.6842105263158,50.4812030075188,37.2,39.6619718309859,18.5555555555556,77.0676691729323,NA,NA,NA,NA,NA,NA,NA,133
LB_2,6,4,2,NA,2,0,39,46.3076923076923,29,36,15,61.5384615384615,NA,NA,NA,NA,NA,NA,NA,26
LB_3,516,494,22,NA,22,0,39.3496240601504,38.1553884711779,36.1434108527132,37.0080971659919,17.0454545454545,42.8571428571429,NA,NA,NA,NA,NA,NA,NA,798
LB_4,146,93,53,NA,53,0,47.9083557951482,57.4474393530997,29.9041095890411,36.505376344086,18.4716981132075,40.9703504043127,NA,NA,NA,NA,NA,NA,NA,742
LB_5,273,126,147,NA,147,0,68.0897284533648,55.4344746162928,35.4908424908425,33.6349206349206,36.1020408163265,51.6528925619835,NA,NA,NA,NA,NA,NA,NA,847
LB_6,7818,6989,829,NA,829,0,53.3049038140776,41.8200822862226,37.7000511639806,40.0123050507941,17.5898673100121,18.9313910819526,NA,NA,NA,NA,NA,NA,NA,8993
LB_7,158,136,22,NA,22,0,65.1965065502183,64.4624454148472,40.2594936708861,43.3602941176471,20.5909090909091,22.9912663755459,NA,NA,NA,NA,NA,NA,NA,2290
LB_8,1091,389,702,NA,702,0,55.4795996920708,45.9507313317937,43.1640696608616,44.7480719794344,42.2849002849003,88.4141647421093,NA,NA,NA,NA,NA,NA,NA,1299
LB_9,287,153,134,NA,134,0,43.2821917808219,33.2164383561644,31.0174216027875,42.7058823529412,18.3208955223881,62.6027397260274,NA,NA,NA,NA,NA,NA,NA,365
maybe_DM_017,33374020,31274020,2100000,1927480,172520,0,65.7562113785681,65.4685393684871,58.3917997891773,58.6284315223946,54.8677819047619,94.2476005823341,40.5394,0.4276,7.3448,1.7496,4.231,2.2945,43.413,33435613
MS_004,8180706,7930848,249858,209744,40114,0,61.3400667433577,57.3603695824882,50.2831118732295,50.4626307300304,44.5849202346933,94.3386712711197,16.5494,0.57,22.9163,1.9446,9.911,14.8239,33.2849,8215649
MS_005,13259836,11129557,2130279,2064038,66241,0,70.9567642975616,68.5502095952451,63.2705289869347,61.5624417935054,72.1943613958547,90.7458350365028,22.5381,0.3157,16.6687,1.8662,13.3727,4.7026,40.536,13317096
MS_009,5025015,4588232,436783,371550,65233,0,56.5937753547452,54.1585985104606,46.6597321600035,47.5663887527919,43.1837869147838,91.4208210009752,24.3894,0.753,17.1443,0.9199,14.7061,12.8908,29.1965,5029877
MS_010,3038651,2909316,129335,91318,38017,0,53.1110749361347,48.3475754215371,40.2023401173745,40.6101540705788,30.8126183940929,95.3587468107764,18.5501,0.7249,36.5854,1.3753,10.0136,19.3699,13.3808,3040776
MS_011,7313784,6918999,394785,375583,19202,0,69.6283517860304,66.0451757432147,60.3024236154636,60.5046439521093,57.2187139835607,96.0346041308901,31.5416,1.6075,22.9553,1.151,6.172,3.9378,32.6348,7343100
MS_018,13527348,13382861,144487,127197,17290,0,71.0077563768063,68.4778409850482,61.8104678019668,61.9433266175297,49.7100292759902,94.4182405474818,37.3175,1.0505,37.5774,1.1728,3.2876,2.188,17.4061,13546789
MS_020,14622668,13393917,1228751,1197592,31159,0,74.0745680688773,71.4477602256288,66.1825703079629,66.0562194016881,67.559849798698,93.9680256243089,24.3675,1.1202,43.1903,0.9194,4.0088,8.0723,18.3216,14672594
MS_022,13723300,12839983,883317,864471,18845,1,71.8626418529313,69.5647362037929,63.3493771906174,62.8485442698795,70.6295339045892,93.3701998698345,39.0265,1.205,35.5286,0.935,3.2123,1.9731,18.1195,13747601
MS_029,11714409,11111961,602448,299045,303402,1,60.5759475430702,46.7713224582105,39.3737693467933,40.3059124307582,22.1806877938013,95.85372026027,24.7837,0.1789,20.6873,2.3458,9.8877,2.5042,39.6124,11728174
MS_032,476154,467598,8556,6292,2264,0,63.7646651691615,58.3128443580338,51.2801068561852,51.5141980932339,38.4866760168303,96.0238977317519,26.0746,0,17.572,0.7085,1.3226,0.1889,54.1332,476793
MS_038,1122876,1100326,22550,8575,13975,0,65.5586377434792,54.9895281487133,47.4484012482233,47.790628413761,30.2874944567628,91.9390655616277,4.8332,0,20.2178,0,0.0851,7.8285,67.0354,1124634
MS_039,3156307,3114661,41646,22448,19198,0,72.9810023068153,68.4827789215544,62.1059998282803,62.4100818676575,39.2129136051482,88.2590633191983,18.1686,0.3474,3.6543,2.8608,6.5795,2.1403,66.2492,3161068
MS_051,1632,1587,45,37,8,0,63.6890243902439,57.3506097560976,50.4338235294118,50.4587271581601,49.5333333333333,93.9939024390244,0,0,0,0,0,33.3333,66.6667,1640
MS_053,3529,3297,232,148,84,0,62.6063169768754,46.5558375634518,38.6531595352791,39.3730664240218,28.4137931034483,95.7839819514946,0,0,0,0,0,0,100,3546
MS_057,1638546,1542710,95836,73996,21839,1,52.0380859083661,46.5175835676855,38.8104868584709,39.2194683381841,32.2269502066029,94.6411567152712,46.7706,0.2056,13.0375,1.165,5.0197,4.1974,29.6042,1642471
MS_058,158,136,22,21,1,0,74.2455089820359,72.0898203592814,68.4113924050633,70.2573529411765,56.9545454545455,93.4131736526946,NA,NA,NA,NA,NA,NA,NA,167
MS_060,1281618,1263840,17778,7299,10479,0,59.9663986702476,50.7519901109789,43.1814081887115,43.4103035194328,26.2935088311396,92.1624644656842,26.3158,0.9143,11.7,0.3706,0,10.897,49.8023,1283848
MS_062,4096382,4062236,34146,17020,17125,1,66.8152986682101,63.2601256971343,56.8401687147341,57.6101068475588,26.3969718268611,92.3882802905519,14.8899,0.219,3.5285,3.003,9.6346,2.0958,66.6291,4108606
MS_063,4368486,4348360,20126,10532,9594,0,62.6531528913763,62.1076291058146,55.3570646672554,55.4816712507704,28.4349597535526,95.8918031027166,14.3674,0.4957,49.2302,1.0661,2.7089,5.0079,27.1238,4387893
MS_091,3173296,3079434,93862,71745,22117,0,60.0868331861451,56.7499027927983,49.5643983416612,49.9067533189541,38.3323815814707,91.2416932363631,18.5071,0.5765,38.1783,1.1418,2.1311,10.1908,29.2744,3176205
MS_092,1712927,1627516,85411,60438,24972,1,52.7098688175845,47.4950191758666,39.2470327106759,40.2627009504054,31.3025488520214,94.6467775080814,31.6083,0.5707,11.9326,1.31,11.9326,5.3307,37.3152,1713873
MS_095,1063910,465223,598687,589559,9128,0,57.4088585950946,56.0223668903761,49.1249344399432,44.6759532525262,52.5821138591618,80.8641936964221,51.2899,0.0339,3.021,0,1.9348,5.8384,37.8819,1068499
MS_096,7001248,6440492,560756,495628,65127,1,62.2074379166282,59.6207720681672,52.9991675769806,53.5797496526663,46.33096569631,94.0384792358633,26.3799,0.2474,11.3991,0.9538,18.1666,13.3727,29.4805,7023499
MS_099,1298126,1095947,202179,162944,39235,0,46.4162436743598,43.9297378602363,35.8331625743572,36.021517463892,34.9926847001914,94.406061128957,44.3913,0.287,6.7926,0.1674,0.7654,4.5683,43.028,1299078
MS_101,795913,734446,61467,33715,27752,0,71.3871449177276,71.1497228397324,64.6550012375724,66.3645632218026,44.6573445914068,85.6373425547727,20.0647,5.9061,8.7379,0.0809,0.4045,33.9806,30.8252,799357
MS_102,9130730,8936433,194297,153525,40772,0,68.7770209404892,68.3216409108579,62.6004345764249,63.0276865501034,43.0133558418298,95.8284563853269,11.8501,0.4844,13.2217,1.0795,19.4893,7.0891,46.7859,9201743
MS_103,63645,61415,2230,1701,529,0,59.8706214246532,52.3479351148029,45.3276298216671,45.6628999430107,36.0932735426009,97.2188699945145,0,0,0,0,0,0,100,63805
MS_104,2921,2866,55,40,15,0,68.9891193471608,64.6232573954437,59.1174255391989,59.4476622470342,41.9090909090909,96.7528051683101,NA,NA,NA,NA,NA,NA,NA,2941
MS_105,128155,116646,11509,8415,3094,0,55.6862557098982,46.0064777138581,38.4092544184776,39.1623801930628,30.7760882787384,92.3133038405557,0,0,0,24.2236,1.2422,0,74.5342,128286
MS_106,2279580,2186677,92903,76228,16675,0,60.0324905949662,55.869351226895,48.1859667131665,49.1186727623696,39.5711763882759,92.5688964497537,32.3495,0.2372,18.7077,0.2233,5.8335,9.6016,33.0472,2281491
MS_107,6456949,6066709,390240,336514,53726,0,66.0704086022968,60.4875925796567,54.2180240234203,54.73477316944,46.1845864083641,94.8562118081049,25.0588,0.309,19.2269,2.8651,3.8868,4.4029,44.2506,6470644
MS_108,625971,608236,17735,13012,4723,0,57.3346781719766,55.7723760889923,48.4683763305329,48.8484700017756,35.3441781787426,92.3081156264656,25.8329,0.7623,13.6364,1.1293,3.3032,4.6584,50.6776,626841
MS_109,1032905,987090,45815,38186,7629,0,52.1874649954101,50.2508538943483,43.1161462089931,43.3251709570556,38.6125941285605,92.7120533842173,26.5509,0.2778,15.4167,2.4306,15.4167,4.375,35.5324,1033793
MS_113,2934017,2703712,230305,216774,13531,0,61.0180184658293,58.5209966331984,50.9216807537243,50.7322958214484,53.5937908425783,91.0819198432964,26.2532,0.1425,11.5311,4.6223,1.8836,2.4227,53.1446,2937209
MS_114,1116554,1083286,33268,29549,3719,0,59.6714769150123,59.2443780297006,52.211212355157,52.3144783556697,48.8485932427558,93.4880241300444,13.9454,0.2599,12.9277,3.573,3.0316,4.7423,61.5201,1117891
MS_117,19132497,17667027,1465470,1160189,305277,4,55.9615093904148,49.8269442099731,41.7788535390859,42.0856129330645,38.0806526233904,91.1425971285572,20.6482,0.3581,20.1653,8.0447,9.0359,8.657,33.0907,19150645
MS_118,2003467,1871460,132007,79162,52844,1,53.755585100282,46.6817023946189,39.0062990805439,39.7749238562406,28.1095093442014,92.7141971547495,10.6928,0.6172,46.68,1.795,1.7641,29.0902,9.3607,2005246
MS_121,2532121,2445289,86832,74828,12004,0,61.6572626010388,58.3370719863797,51.4813794443472,51.8881931747127,40.0250138197899,97.0960022169737,61.6003,0.6938,11.5734,3.6437,7.0031,3.8585,11.6271,2542092
MS_122,5632456,5435862,196594,103092,93501,1,58.1629457001376,50.0500193319996,42.3846226228842,43.1390833689303,21.5236375474328,94.2991953099618,53.7606,0.1597,5.7541,1.3299,12.7804,2.377,23.8383,5638320
MS_133,8983895,8926792,57103,38876,18227,0,73.3684708314951,72.5954985578208,67.3543945026072,67.5164848693685,42.0150955291316,93.3214527298773,30.0044,16.4746,4.7961,0.6308,4.0939,0.2847,43.7156,9028351
MS_134,12401593,12200469,201124,185570,15554,0,72.3147211249632,71.4609649115045,65.7068279050925,65.9934786933191,48.7032924961715,94.7556690098235,38.0853,12.3598,2.9465,1.3237,3.0906,0.3495,41.8445,12431482
MS_135,9043624,8354774,688850,682910,5940,0,75.8365879488374,76.1699955744449,70.8328840296766,71.7744872572256,60.0105233359948,93.3962473901946,16.3718,15.6697,3.617,2.258,5.5363,1.205,55.3423,9067789
MS_136,6075605,5880153,195452,171006,24446,0,65.7738194935806,63.9870651182335,58.0793991709468,58.69262993667,39.6304156519248,95.3029854382348,28.0358,5.0176,38.5695,0.7773,4.6019,3.5276,19.4704,6097002
MS_137,6620146,6529224,90922,84285,6637,0,69.8505865212306,68.6466060301186,62.120092517597,62.3449132699384,46.5314995270672,93.0509139343986,21.308,21.9916,6.1802,2.0467,3.3598,1.4159,43.6978,6631644
MS_C02,227326,185625,41701,NA,41701,0,69.9358366225287,70.2047338158459,64.7048071931939,62.7436767676768,73.4342581712669,90.239589749894,27.0372,0.562,20.793,2.6538,17.7646,10.8024,20.3871,228526
MS_C03,73566,64739,8827,NA,8827,0,69.7029761744152,69.9062221742533,64.28760568741,63.8666646071147,67.9305539821004,90.7031650522112,3.4965,0,2.0979,0,1.3986,20.0466,72.9604,74122
MV_002,316857,306363,10494,5664,4830,0,64.092120286902,45.8104572895705,38.212452304983,38.7011649579094,23.4455879550219,94.1390728858924,54.9234,0.1094,21.7177,0.1094,4.1028,7.221,11.8162,317042
MV_005,22888,21324,1564,1405,159,0,61.8906487307442,60.170318941202,53.2908947920308,53.8929375351716,52.8497442455243,96.2160989368627,0,0,0,0,0,0,100,23045
MV_006,896831,846323,50508,41015,9493,0,51.4402016521867,48.2446172701107,40.2383726699902,40.3565163655011,38.3372931020828,94.3852755111917,54.5231,0.6058,11.9314,0.3594,0.5545,8.1425,23.8834,899172
MV_007,450379,370567,79812,70879,8933,0,64.6301832208293,45.512601318773,37.5948434540687,37.6914673999574,37.1462060842981,90.6754168508378,2.7344,0.3906,37.2396,0,0.9115,0,58.724,460428
MV_008,9777479,1596089,8181390,8163166,18224,0,75.6389324412151,75.4950302802578,69.6262000664998,97.9341684580246,64.7607177997871,70.3098284488255,22.3961,1.6761,26.7231,0.5131,4.7118,11.0698,32.91,9815141
MV_010,3588763,2430153,1158610,1135564,23046,0,65.1460339948452,58.9758744201262,51.9338081115972,50.2400400304014,55.4864406487084,93.3580792666641,33.8107,0.3929,26.7638,0.4858,5.2852,4.9514,28.3101,3604017
MV_013,6054521,5584976,469545,354046,115498,1,61.8543934929241,46.946967126658,39.4871166521679,40.0129977281908,33.2320544356771,96.2751140161851,31.7077,0.4676,29.7295,0.3776,3.3197,6.0459,28.352,6065766
MV_015,2043317,1815733,227584,220854,6730,0,65.8388981497486,61.767095075013,55.1711858708169,54.1320034388316,63.4620931172666,95.7187059851932,35.2255,0.6539,13.7091,0.186,1.5953,4.2954,44.3348,2048046
MV_016,8709354,8054930,654424,609917,44507,0,67.804717174578,61.1869059246014,54.1064382042572,53.5816820257904,60.899089886679,93.7805113811444,34.0859,0.4231,9.4951,3.0055,6.7892,3.6087,42.5925,8724587
MV_017,192640,169231,23409,19494,3915,0,58.7014200551004,44.2415027576152,37.0263963870432,37.2428928506007,35.4612755777692,92.9649637101196,40.8054,1.0738,15.9732,4.519,26.5324,8.2327,2.8635,192739
MV_018,1374779,1336157,38622,34300,4322,0,60.618683772771,59.9045034334056,52.8919455417925,52.9219859642243,51.8526746413961,94.2877416420142,32.0764,0.4253,14.6829,1.6187,4.9832,4.2278,41.9857,1376039
MV_019,915046,878776,36270,33858,2412,0,61.1599738401102,60.5860994468865,53.1531879271643,53.0171306453522,56.4496829335539,95.6332573005585,29.4214,0.638,17.4629,0.3561,2.003,7.4184,42.7003,915906
MV_020,128494,124553,3941,3442,499,0,55.6173081256654,55.2588137476591,47.6611826233132,48.147342898204,49.5866531337224,95.080663866462,55.6985,0.4412,11.25,2.3162,16.7647,9.1544,4.375,128691
MV_021,1876005,1725995,150010,145706,4304,0,65.1920739871935,64.8634605975389,57.9246217360828,57.5272900558808,62.49624025065,92.8037198806753,27.3788,0.4695,32.3307,0.6419,2.4576,5.183,31.5384,1878271
MV_022,2272916,2123449,149467,140969,8498,0,59.6616148714393,52.7338769849976,45.6725774291703,45.517699271327,47.8729017107455,94.1382995446808,26.6185,0.2459,34.8289,0.3124,4.2665,3.2627,30.4651,2274373
MV_024,12502552,2712011,9790541,9779984,10557,0,87.5929959774603,90.5064773586504,88.2141698750783,103.919374220827,83.8637783141912,73.3421940950077,8.7484,1.0529,43.5879,0.3665,4.3759,17.2266,24.6418,12582598
MV_025,608020,573488,34532,33099,1433,0,54.3903551222494,50.9291612371026,43.8652643005164,43.8167215355857,44.1673230626665,95.4088754226896,37.7195,0.2265,35.0198,0.3587,0.472,4.814,21.3895,608551
MV_027,372454,361547,10907,6859,4048,0,59.3840839269664,45.4820166083095,38.3325135452969,38.6578480806092,27.5480883836069,94.8532629333555,50.8327,0.9516,16.6534,0.6344,0.0793,11.1816,19.6669,372705
MV_028,34992,29424,5568,5082,486,0,57.1551748750892,47.7000713775874,40.5657864654778,40.4898042414356,40.9673132183908,99.231977159172,NA,NA,NA,NA,NA,NA,NA,35025
MV_029,16396,14151,2245,2052,193,0,57.0353163246666,46.3731352371674,39.2714686508905,38.9442442230231,41.3331848552339,97.9145101382208,0,0,0,0,0,0,100,16423
MV_036,23033925,21397302,1636623,1382902,253720,1,57.7719352433861,51.2742109043016,43.3300406248609,43.6677457746776,39.0578532747004,93.7995158645496,20.9411,0.3713,20.8701,2.4303,5.936,3.4196,46.0316,23051545
MV_038,42374,41830,544,263,281,0,53.6720499823176,51.574089355181,44.2620002831925,44.5260578532154,23.9577205882353,95.3047271012613,0,0,0,0,0,0,100,42415
MV_039,25890902,24803134,1087768,927807,159960,1,62.2350923847539,59.3009578963339,51.7738856684097,52.6072599938379,45.1048982871348,92.265399144621,22.0784,0.3128,13.9039,2.0635,5.2941,2.6973,53.65,25915748
MV_041,227782,222553,5229,2970,2259,0,52.1791420189277,47.7758098335215,40.5963113854475,40.935287324817,25.6232549244597,92.8187427374851,54.2803,0.7609,16.8041,0.2536,0.0634,10.78,17.0577,229399
MV_043,4754569,4567574,186995,132520,54475,0,64.913701047089,60.7028183855759,53.6700718824356,54.458007686356,34.271044680339,94.2447726569943,33.2074,0.3029,19.1434,1.4191,4.3755,3.9429,37.6089,4767694
MV_045,3236028,3039349,196679,173092,23587,0,60.3142275286556,55.4270327995024,48.2744970068244,48.5546069240485,43.945855937848,95.9685945131959,33.1796,0.7615,20.06,0.7833,3.4768,12.6148,29.1241,3252153
MV_046,2919,2789,130,102,28,0,54.582135523614,52.3730321697468,44.8722165125043,45.1871638580136,37.7692307692308,97.9808350444901,0,0,0,0,0,0,100,2922
MV_048,4262364,4197984,64380,36270,28110,0,68.5876927128909,65.471896214616,59.3894411645744,60.4254418311266,26.2834731283007,94.8541711179477,30.4482,0.678,25.4441,0.2865,3.995,11.4885,27.6596,4275207
MV_049,611,532,79,73,6,0,57.4414125200642,57.6982343499197,51.2193126022913,51.9304511278196,45.6455696202532,98.2343499197432,NA,NA,NA,NA,NA,NA,NA,623
MV_051,12975881,12442951,532930,478439,54491,0,63.1997820405374,56.2324393306789,49.3089973621059,49.6561584948779,41.2034113298182,94.4128593359764,30.3339,2.6639,17.5392,0.8968,6.0491,5.4667,37.0503,12995077
MV_052,6762539,6637252,125287,119749,5536,2,68.0060349423858,66.7329758918015,60.41965924337,60.5565967662521,53.1651887266835,95.8218617829854,38.9197,0.9674,35.3926,1.0956,3.6392,2.476,17.5095,6778358
MV_055,1674974,1661676,13298,10830,2468,0,66.4488506579806,63.2373768540828,55.8599333482191,56.4764322286655,42.5822680102271,93.1640949257055,39.239,0.9326,34.5513,2.5023,6.7503,4.6943,11.3301,1677177
MV_056,10374356,10158752,215604,156855,58749,0,60.860956473263,59.7357593567356,52.4406854748381,52.8132209547,34.6090332275839,94.1911875245688,14.4282,0.6263,54.1952,0.6174,3.7717,13.2601,13.1011,10387891
MV_057,20515777,19649334,866443,761035,105406,2,62.8457049812546,60.2654075689502,52.9450644740387,52.9400862645014,53.0579576498396,91.0533311029637,30.9549,2.3006,27.6108,1.137,4.5841,3.6698,29.7428,20537617
MV_058,1270925,1249258,21667,18613,3054,0,70.401995923928,66.5151414918675,59.6662478116333,59.9318859675103,44.5653297641575,92.7617056462782,38.5085,0.5868,39.6223,0.6427,0.4631,0.4751,19.7014,1272794
MV_059,26298911,25667186,631725,507310,124412,3,65.2465096335269,61.7007790725421,54.6770732826161,55.3985159105482,46.6482140171752,96.832202954741,37.6745,0.705,36.6377,0.9299,2.6257,3.9556,17.4717,26423085
MV_060,10140503,5073416,5067087,4933813,133274,0,63.5716971467624,59.3593423131499,52.2797340526402,58.4637928370155,46.6017984297487,90.8563796735799,16.2045,0.576,12.0125,1.3476,17.6446,6.7442,45.4706,10163682
MV_062,5404901,4466200,938701,916499,22202,0,65.8414381659717,63.3909693724255,57.048338905745,58.8471832878062,48.9889219250858,96.8509507204981,37.1801,1.73,26.9781,1.6391,7.1365,4.997,20.3393,5421683
MV_065,8231811,7824741,407070,367303,39767,0,63.3231029134079,57.9519935917882,50.7855761022696,51.6167745360517,45.4131476158892,96.9567456392143,35.9586,1.135,30.8234,1.0536,5.632,6.9939,18.4034,8245670
MV_066,9907146,9175692,731454,706614,24840,0,65.0100561583296,64.7772942763534,58.1407676842554,58.9024456139112,55.4758152939214,95.4249019639318,32.3688,2.1628,25.6488,1.3613,5.4566,4.1398,28.8619,9931029
MV_067,11574205,11105321,468884,384063,84821,0,58.6907657158558,57.1458261278669,49.530680249745,50.0264297628137,37.802138695285,94.4829390976973,33.2838,1.8299,25.6839,1.2817,7.4087,4.4535,26.0586,11588424
MV_068p,9181542,8980096,201446,145384,56062,0,65.7295910229403,60.0024154815078,52.8388597470882,53.2396063471927,34.8332853469416,94.2704079174208,34.8237,1.1697,36.0339,1.0818,4.9897,3.8732,18.028,9203548
MV_070,7285845,7225197,60648,32228,28420,0,63.4287367281706,59.5907844885911,52.7015046298679,52.9026486059826,28.7385239414325,94.8232734887221,46.7628,0.7457,33.6615,1.5628,3.6384,2.0652,11.5636,7294115
MV_072p,6813952,5056264,1757688,1728368,29320,0,64.8459876085697,62.6799359523686,56.2951814160123,55.5723340395201,58.8738928638075,92.7617939711766,36.069,1.5009,27.6458,1.2885,5.6433,7.2779,20.5746,6840534
MV_074,13832404,12554524,1277880,1253995,23885,0,75.118081859355,75.4206759216697,70.8752271839371,71.4841977282452,64.8923999123548,90.4803811320754,26.0582,2.3377,17.6562,0.8635,6.2778,7.0001,39.8065,13894539
MV_075,8676506,8494685,181821,138849,42972,0,59.1885370633745,57.9385242507922,50.6397446160932,50.9574579869648,35.6419830492627,93.787163584162,37.1314,0.9965,37.7626,1.0428,5.1645,3.1473,14.7549,8682871
MV_076,7529694,6882623,647071,602114,44956,1,63.1822420391974,59.9838871533159,53.034333931764,53.9067134724654,49.6765764498795,96.582111093064,32.8208,0.8843,40.8754,1.2707,4.0566,3.8888,16.2034,7558503
MV_077,7205667,7122866,82801,54015,28786,0,62.4505244617549,61.4434807942333,54.2430248303176,54.4970212832868,32.1134648132269,94.3962170918733,37.8487,0.7453,17.719,1.5896,6.0456,3.8013,32.2505,7211584
MV_078,6349701,6220597,129104,107757,21345,2,69.4101884912345,68.2905603908927,62.2210196984078,62.5746170343457,45.2764515429421,91.844994906984,40.0691,0.7417,40.1933,0.955,3.0835,1.8971,13.0603,6366556
MV_079p,9711989,9467698,244291,149093,95197,1,63.4820858614782,54.5475523690096,46.8494419629182,47.354044351647,26.6923668903071,94.5030570342711,37.7124,1.4563,26.8178,1.6209,5.3218,5.3205,21.7503,9722544
MV_081,1750371,1686883,63488,58940,4548,0,52.6385191537761,51.8738383605382,44.2276643065956,44.3782046531976,40.6801127772177,95.1466110205675,51.6772,0.688,31.7494,0.4819,6.3392,3.2445,5.8198,1751404
MV_082,6006384,5902463,103921,98392,5529,0,71.4739112541547,71.924544931305,66.4217880508472,66.6246058636877,55.3803081186671,97.4533246201624,56.1083,0.8461,24.4054,1.4462,3.2713,1.8004,12.1224,6023651
MV_083,2129494,2063313,66181,60570,5611,0,57.6907129183011,54.5482911356769,47.4033676544757,47.5813291536476,41.8550641422765,93.9678346901095,38.7195,1.4347,25.2456,1.6782,13.8487,5.6744,13.399,2131240
MV_087,578457,539931,38526,20325,18201,0,65.7952212901758,40.3925100461122,33.0223715850962,33.8116166695374,21.9612988631054,92.9410235407739,27.6119,2.2388,47.0149,0,0,0,23.1343,580324
MV_088,1436673,1393637,43036,41523,1513,0,64.9895434586316,64.6558628019471,57.3127148627419,57.4393016258897,53.6681383028162,94.3690305317925,43.7446,0.9282,27.5408,1.5813,7.7986,5.1443,13.2621,1438621
MV_089,11042421,10899664,142757,88161,54596,0,61.3678197027276,56.1114976782768,49.1671138964906,49.4449803223292,27.9516801277696,96.4291105103449,39.276,1.1777,34.583,1.3328,4.2879,3.239,16.1037,11062042
MV_090,2751319,2503128,248191,242275,5916,0,62.6036209273638,61.0905739786663,54.4127427608358,54.443824287052,54.0992662908808,97.4947676634481,52.5422,1.0401,26.0604,1.8194,4.6355,4.9703,8.9321,2756200
MV_091,4158055,4079749,78306,46636,31670,0,61.8708320543101,59.1970646986949,52.1439151237778,52.6045114540135,27.5896099915715,97.4330631821513,35.1407,1.0284,35.8179,2.1025,7.8659,3.0458,14.9989,4166591
MV_092,9503964,9085128,418836,400478,18358,0,69.47983635037,67.3130854365191,60.8472729905122,61.1927006421924,53.8394693865857,94.2039049447468,35.11,1.6129,25.478,1.4224,5.0679,3.7799,27.529,9519606
MV_093,3185728,3102419,83309,60580,22728,1,56.773051940315,53.7436543591712,46.4415314176226,46.7623438355683,34.4944843894417,94.8808880125984,33.9971,1.2941,34.8069,1.3749,8.1978,6.3043,14.025,3189276
MV_095,11789313,8180649,3608664,3543052,65609,3,64.6636289654818,58.9387889830061,51.5530781140513,52.3301475225254,51.4835252048958,91.5954751731407,12.5026,0.7619,55.0042,0.4193,4.4849,16.2536,10.5735,11807613
MV_096,887941,859657,28284,21127,7157,0,50.8453597111374,48.9210286173369,41.5378217696896,41.8218917545021,32.9037971998303,93.8446192427962,38.3667,0.3038,27.3231,1.7513,7.1301,4.6462,20.4789,888727
MV_097,3439763,3299191,140572,119502,21070,0,55.5696830386036,53.5915432458867,46.5569034843389,46.5825334150099,45.9553680676095,97.5539236169276,35.2903,2.1162,28.8913,2.1703,8.2445,9.1365,14.1508,3445530
MV_099,8123709,13250236,2997182,1479938,18653,0,63.0508219497239,59.9959982302008,53.0475658347683,53.5399612505015,50.870734576679,97.3464810552408,47.8358,0.2748,10.97,2.1574,3.4609,1.2044,34.0967,8163638
MV_100,13211849,25499828,923870,331035,130898,2,64.0282418042292,55.002396238105,47.3750920102099,47.866359882898,33.6529901393053,94.991618029855,60.5427,0.1527,7.1223,1.4432,1.6568,0.984,28.0983,13228652
MV_102,462742,907376,18108,4765,4289,0,59.0984324726922,46.2607637375964,39.0453168288161,39.3453099927704,23.5705765407555,92.5168433023205,32.6493,0.3478,7.6174,0.3942,1.1478,6.5391,51.3043,465893
MV_103,3308535,6442188,174882,67013,20428,0,61.126067606954,51.9951096324086,44.9272412109892,45.2041598289277,34.7262725723631,94.2135260502115,43.7861,0.2597,8.6403,2.4196,4.286,1.9339,38.6743,3311612
MV_104,17268005,14401325,2866680,2641150,225526,4,66.8778286932965,61.3127157184852,54.777953098809,53.9871246569326,58.7508337170525,91.8069608308495,16.348,0.3538,43.4145,2.6579,3.8973,8.7451,24.5834,17349000
MV_107,117227,93325,23902,22301,1601,0,65.3594801106796,45.2618316282927,37.7489742124255,37.3694615590678,39.2307756673082,92.1767696134352,0,0,27.8689,0,0,0,72.1311,118179
MV_109,843937,836950,6987,3758,3229,0,59.8117491725726,50.851370953895,43.5378446495414,43.6999032200251,23.7234864748819,93.0633132368007,45.0872,0.4778,9.3373,2.607,18.5604,5.2763,18.6539,844485
MV_110,6638664,6507888,130776,118358,12418,0,69.1728142577602,68.3178472027799,62.6043901303033,62.7574189967621,54.9891111518933,94.4979384776987,26.5738,0.4948,25.6695,1.125,5.1988,4.1523,36.7858,6679310
MV_111,108412,98727,9685,8500,1185,0,58.3967425044736,45.5016068363583,38.5654171124968,38.7078408135566,37.1134744450181,92.2831351310626,0,0,12.3894,0,0,0,87.6106,109532
MV_112,10159710,10017823,141887,93088,48798,1,60.8460842366682,59.9005788954591,52.9133941815268,53.7314894663242,32.7018120053282,95.4986546589521,34.7236,0.559,12.565,1.2252,6.7405,5.7838,38.4029,10177658
MV_113,5703691,5668057,35634,29852,5782,0,68.1936868138412,65.8040213195267,58.8688415974849,58.9247371718386,49.9778862883763,92.5030009961317,16.5809,0.2322,8.0558,20.0909,4.7893,1.0066,49.2443,5709320
MV_114,1924577,1829585,94992,83798,11194,0,59.059018729367,49.6432308287851,42.3780212483055,42.4851597493421,40.3144791140307,96.5993987142313,25.9794,0.7541,25.4809,5.0936,8.0335,14.6865,19.9719,1927134
MV_115,5691719,5603094,88625,67016,21609,0,70.0736185124537,65.187350286045,58.6329040488471,58.9471788265555,38.6616755994358,94.5031465049877,26.19,0.3988,25.0752,3.8697,8.2497,3.1813,33.0353,5705046
MV_118,7199112,7060885,138227,94397,43830,0,65.9955330931666,59.6231480602159,52.5855805549351,53.4273894844626,36.6825005244996,95.6658203649043,24.1647,0.5571,28.5059,2.5496,4.1521,9.5811,30.4895,7213045
MV_119,2800207,2749604,50603,42552,8050,1,64.5082296922445,58.5026376395516,51.4365237998477,51.5402883469765,45.7982728296741,91.8028047186509,28.5413,0.4322,20.9086,2.443,2.0501,4.9575,40.6672,2803264
MV_120,423922,421072,2850,1840,1010,0,57.6839491448721,50.2671402711519,43.00659791188,43.0942997872098,29.6035087719298,92.0920875501698,43.5703,1.2458,22.0497,1.937,11.7075,12.7827,6.7071,424264
MV_122,163955,158041,5914,4178,1736,0,56.7316224206773,44.4880063397239,37.2843646122412,37.5323808378838,30.1995265471762,94.1850938357096,54.8807,0,31.2364,1.7354,0,0,12.1475,164045
MV_124,686096,640729,45367,29863,15504,0,62.2137102529076,42.270587515692,35.0295177351274,35.5420747305023,27.7905526043159,93.4358350363875,28.5634,0.338,36.8451,0.169,0.2254,5.0141,28.8451,686654
MV_126,6033356,5757167,276189,259253,16936,0,62.45648044294,60.5735012033496,53.0543785249868,53.096472101643,52.5548048618881,91.972397401986,29.3635,0.2118,21.2677,4.1578,2.8954,2.6531,39.4506,6038561
MV_130,14711460,14285045,426415,265790,160625,0,66.4777008684241,62.3660613163054,55.5757107724182,56.3262794061902,29.9864803067434,93.7595733737197,28.6437,0.2268,14.7639,2.4096,6.5224,1.9314,45.5022,14746942
MV_131,266832,259688,7144,3797,3347,0,49.0590580958229,45.3917311926193,37.6956174671704,38.0725871045254,23.9925811870101,94.3552326940764,7.9038,0,38.488,0,2.4055,0,51.2027,267076
MV_133,10197101,9913982,283119,191847,91270,2,57.2421813919994,53.3392088449418,46.3058094648665,46.6939014010717,32.7159886832039,96.7317488151001,25.1242,0.1877,30.4716,2.4304,4.2959,2.1396,35.3506,10213295
MV_134,1140175,996371,143804,140404,3400,0,57.9029612562758,57.6710458794486,50.0219238274826,49.115461007998,56.7864802091736,92.4087037604693,17.8598,0.369,22.8044,14.8093,1.3038,1.6974,41.1562,1153632
MV_135,3520218,3040454,479764,443437,36327,0,58.0635394280984,53.7248694424441,46.82637580968,46.5098248485259,48.8324843047832,95.8539623236207,23.8646,0.4131,33.2881,0.9682,5.598,13.5739,22.2941,3527180
MV_136,1981410,1593651,387759,384219,3540,0,63.2608088804837,63.0287297930771,56.0998758459885,56.0372641186809,56.3572012512927,92.4697170758772,25.7914,0.4048,31.0846,9.3617,1.645,3.6222,28.0903,1988180
MV_137,91360,53234,38126,37465,661,0,62.8844697779869,62.5341254224237,55.9258756567426,53.6946500356915,59.0412054765777,92.5305856183428,0,0,5.2632,0,0,0,94.7368,93508
MV_139,4743945,4603008,140937,109128,31809,0,57.4806982262529,55.897546696345,48.4769785484444,48.7621294596924,39.1249210640215,92.8794363396076,24.378,0.3971,36.0058,0.774,5.2152,6.8725,26.3575,4747802
MV_140,10209423,9861953,347470,231647,115823,0,60.2520537676056,53.7530329194644,46.3834794581437,47.4058308734588,32.9454916971249,96.3237110596896,20.2437,0.3847,42.1613,1.6081,3.8256,12.2184,19.5582,10239474
MV_148,970266,948370,21896,12898,8998,0,61.4246931604194,55.82510890347,48.2725170211055,48.5881860455308,34.2542473511144,92.9117977145741,40.6073,0,3.3453,0.1287,0.7463,4.632,50.5404,971273
MV_167,12715355,12120187,595168,369788,225377,3,64.0515858114326,50.6179553552788,43.057359310849,43.2134015754047,39.8796642292596,94.2125118639021,83.4604,0.1088,2.0481,0.4229,2.4523,3.0944,8.4131,12726387
MV_169,946598,906964,39634,16203,23430,1,47.7561616475116,42.3918361271484,34.3495929634333,34.9080757339872,21.0522278851491,95.1181742505359,70.3872,0,1.1769,0,0,9.4533,18.9825,947271
MV_175,9697603,9529405,168198,69117,99080,1,54.6527269936154,52.4011638030066,44.9163572689045,45.3231093651702,21.8714550708094,94.9704528502963,91.7453,0.0821,0.7969,0.4211,1.0267,1.0604,4.8675,9706110
MV_201,3212002,5524992,899012,418631,30875,0,57.8434050470985,49.6628243594216,42.2982909101551,42.3319429240803,42.091475975849,96.5126010413449,59.0776,0.3842,4.9816,1.8476,3.3303,3.8684,26.5102,3224625
MV_202,10833954,21161492,506416,149784,103424,0,60.8164085492846,56.1180666326077,49.2474309010358,49.6682232991889,31.6638731793624,97.211525932284,35.0525,0.3311,11.1099,0.9727,5.2987,6.6809,40.5542,10857657
MV_203,2302513,4120976,484050,231121,10904,0,64.3932987815967,62.8932424943063,56.7490624374325,56.8609615780339,55.7964011982233,96.6591435414548,40.212,0.4407,22.7515,1.1577,4.1883,5.9973,25.2526,2309580
MV_204,1174925,2269526,80324,31583,8579,0,53.9764226155802,51.811117300145,44.7562431644573,45.0914464077521,35.2851700612519,94.555752653973,37.9371,0.4237,14.0103,0.9469,4.82,4.0422,37.8198,1175915
MV_206,3567509,7020352,114666,55207,2126,0,74.325327647781,74.9915831092739,69.8538834800417,69.9810015224308,62.0711632044372,93.2517674270909,29.5461,0.6861,11.037,0.8992,5.4296,5.8536,46.5484,3589449
MV_207,2420088,4464220,375956,181684,6294,0,62.8701921530428,60.8433062332412,54.1141917153426,53.9250126561863,56.3605634701933,97.0818911438322,45.2925,0.5362,13.4357,1.6404,4.4055,4.4777,30.212,2424838
MV_208,9566242,18909924,222560,62745,48535,0,61.6932027628496,57.9656458036199,51.2130931874816,51.4976842847174,27.03266534867,96.9951117197061,56.3022,0.2076,4.918,1.0629,1.9681,1.3022,34.2391,9585321
MV_209,5294165,10488836,99494,36521,13226,0,69.4708196576733,66.7363871081296,60.4440177062861,60.6405829970075,39.6083984963917,93.8104624369545,41.4587,0.398,8.6146,1.7726,3.9906,1.9156,41.8498,5306569
MV_210,7568452,6434627,1133825,1110502,23322,1,68.1213479132523,66.8184007969159,61.0418234798873,61.811785049856,57.2229532776222,96.3861230211829,48.9405,0.6106,10.1783,1.2125,6.567,4.768,27.7231,7592269
MV_211,7893076,14588054,1198098,580504,18544,1,66.5633485917538,63.3251388433602,56.2002410720485,57.1855895241408,50.9379716851209,94.9684086433986,61.4992,0.2144,5.7325,2.0203,2.1117,0.91,27.5119,7904051
MV_212,6068534,5940336,128198,106432,21766,0,68.0843593380785,66.3699189962118,60.497245792806,61.2307116971161,50.9507090594237,97.1684826937609,39.4646,0.8467,10.1374,2.0792,5.4269,4.5357,37.5094,6090209
MV_213,6144720,11746754,542686,191625,79718,0,62.5342441309282,53.6432481392637,46.6783269213243,47.2812554004281,33.6275783786573,93.3567196110191,59.5904,0.2506,8.0202,1.6646,2.954,1.0773,26.443,6198084
MV_214,9669325,19030426,308224,76178,77934,0,67.6058051142003,61.7190257165721,54.79323282649,55.269562331395,24.736743407392,94.4257578791834,8.9013,0.2873,37.1617,0.6964,3.0239,9.1144,40.8149,9686011
MV_215,4113593,8017840,209346,83550,21123,0,66.8820128490523,65.0915963119562,59.0862858819528,59.9576781277751,46.2047901560097,96.5365518141169,28.7126,0.5773,12.0153,1.6669,3.0445,3.9726,50.0108,4138671
MV_216,8781173,13854484,3707862,1796561,57370,0,69.5809345054516,68.1618591603452,63.0093690216558,64.1133643086238,61.384569328632,94.8870187060278,49.3497,0.3382,9.3949,0.7001,4.0372,6.4124,29.7675,8831987
MV_223,5985483,4390988,1594495,1513117,81378,0,59.139521319818,51.1605542672326,44.1716543176215,43.3269166301525,46.4979281841586,96.4232116594078,36.709,0.6313,15.0675,0.8516,11.1915,12.5312,23.0179,5995736
MV_225,555288,548593,6695,3304,3390,1,53.3629533790641,52.4143843258067,45.2182543112763,45.4797892062057,23.7879014189694,94.4516185091619,47.194,0,16.5267,0,5.9213,1.2152,29.1427,555716
MV_227,594023,566408,27615,24196,3419,0,56.0537959618966,48.4339926693098,41.3116327145582,41.5461734297538,36.5009958355966,95.6148200304128,63.5062,0.2963,13.3827,0.1975,0,0.2963,22.321,594487
MV_229,5690414,5596725,93689,60906,32783,0,60.212175243273,58.8278336306217,51.9362770441659,52.2346943971698,34.1096179914398,94.7372864311487,62.5903,0.4252,6.1041,2.6349,3.6344,0.9317,23.6795,5697611
MV_230,162821,149985,12836,11773,1063,0,51.816421445313,50.1244247831049,42.8544045301282,42.8284161749508,43.1580710501714,88.6988894699836,3.6842,0,0,17.8947,3.1579,1.0526,74.2105,162982
MV_231,4587724,4541185,46539,34260,12279,0,67.1760572654955,64.7851851674478,57.8358449636465,58.0762505821718,34.2140570274394,92.5519754611856,17.6544,0.5279,39.0855,1.4291,6.4062,19.0567,15.8402,4593761
MV_232,12798211,12335282,462929,289586,173342,1,62.0048403095956,49.7447927737819,41.6077099369592,42.0548095292836,29.4597724489069,94.9014074011704,60.0775,0.2212,10.2681,0.3141,2.1335,8.9909,17.9948,12810131
MV_233,2691907,2116488,575419,514172,61247,0,61.5502060909681,44.9609132443143,37.7569682013532,38.0556228053266,36.6584610518596,92.9078079017429,59.6507,0.494,9.1184,1.2638,7.0734,9.329,13.0706,2693956
MV_234,587308,570231,17077,10787,6290,0,59.3652572844363,47.0746183573071,39.9104626533267,40.1790590129263,30.9414417052175,94.4649443653788,14.6737,1.0847,46.581,0.1302,3.3322,30.4148,3.7834,587657
MV_235,33101,25001,8100,7273,827,0,58.0019009112305,45.6981775390743,38.5423703211383,37.953121875125,40.3611111111111,98.0402510409752,0,0,0,0,0,0,100,33142
MV_236,24417,22118,2299,1785,514,0,57.8727272727273,45.3830439223698,38.1722979891059,38.42616873135,35.1683340582862,97.7139938712972,0,0,0,0,0,0,100,24475
MV_237,691019,556857,134162,122889,11273,0,59.7509732071586,49.7001075878345,42.5867465294008,42.6236933359911,42.4333865028846,92.9406762344653,49.3521,0.3811,15.263,0.6669,8.0221,11.128,15.1867,691528
MV_239,22,21,1,0,1,0,58.6923076923077,45.6153846153846,40.6363636363636,41.5714285714286,21,100,NA,NA,NA,NA,NA,NA,NA,26
MV_240,7269,6619,650,561,89,0,57.1309425666392,47.7268480351745,40.6296602008529,40.740595256081,38.9723076923077,99.1412475954933,NA,NA,NA,NA,NA,NA,NA,7278
MV_243,6567,5684,883,789,94,0,56.6200547778454,47.9411138161899,40.8257956448911,40.9160802251935,40.2434881087203,99.2087644552648,NA,NA,NA,NA,NA,NA,NA,6572
MV_244,990478,921839,68639,39127,29512,0,47.9952652050063,44.4140998846058,36.7262867019762,37.0995293104327,31.7135447777503,93.2250445076897,35.4334,0,16.3636,0.1691,13.5729,3.1712,31.2896,991384
MV_245,5443079,4974852,468227,414167,54060,0,59.2879926543245,50.7085419105127,43.368788694781,43.5755554135078,41.1719144773796,89.9926812411137,71.1132,0.1912,6.7135,0.3075,1.0009,9.9188,10.755,5462806
MV_247,14183817,13881370,302447,222571,79876,0,65.194927531996,63.1284412644456,56.1087088898567,56.3003308030836,47.3138434171938,94.8317569170074,55.7947,0.2287,8.802,0.4417,3.841,7.0476,23.8443,14198887
MV_281,10012915,7939381,2073534,1942304,131227,3,65.5931387321632,53.1795239010008,45.4010553370322,43.6271016594367,52.549203919492,93.0429753576749,34.1471,0.5417,12.2766,0.5122,5.0669,10.3751,37.0804,10031149
MV_282,4739437,3444178,1295259,1265622,29637,0,59.0156606920208,56.0228912937116,49.1898685434578,48.0146365838235,52.3148852854912,93.3340313681819,35.8238,1.0731,15.4568,0.2029,0.523,14.1582,32.7622,4752025
MV_283,1969535,1860343,109192,90802,18390,0,68.6939717646438,58.6656025243248,51.3888059872,51.781813353774,44.8215253864752,91.6544978485302,16.4256,0.6344,45.0828,1.0861,8.8091,19.3253,8.6366,1971854
MV_284,5721155,5263409,457746,441101,16645,0,58.9767592637556,58.5052070089109,51.4583153226927,50.0955067333738,67.1286193653249,95.1101239832433,18.3647,0.1431,42.8937,0.2192,2.8979,1.7077,33.7737,5745429
MV_285,1449800,1398491,51309,46168,5141,0,59.7331651449127,59.2377186983236,52.2626658849496,52.0707426790734,57.4936950632443,93.6094338108752,14.1484,0.4271,25.6006,2.149,0.0133,2.6428,55.0187,1451943
MV_286,4120255,3129976,990279,976394,13885,0,60.9011393467286,54.7224800521581,47.5094708943985,46.0081665162928,52.2546443981949,90.7283146964296,24.6177,0.3813,33.7322,2.162,2.6041,6.0926,30.4101,4124381
MV_287,21875610,21133381,742229,544466,197762,1,63.1791559797086,53.9671931358052,46.8562519628024,47.2117609103815,36.7338961425652,95.1950318526556,23.8481,0.342,25.6232,3.2354,9.4891,4.765,32.6972,21916511
MV_288,26192,24229,1963,1426,537,0,47.4587068472249,45.4815945069617,38.1084682345754,38.4867720500227,33.4381049414162,94.8884226587831,0,0,83.3333,0,0,0,16.6667,26215
MV_289,520,443,77,71,6,0,57.1325757575758,55.0871212121212,48.7980769230769,47.9142212189616,53.4025974025974,95.2651515151515,NA,NA,NA,NA,NA,NA,NA,528
MV_290,458554,450491,8063,6682,1381,0,56.2412109970304,55.0962893295364,48.0928767386175,48.1925943026609,42.5212699987598,92.5832313905391,23.7847,0.4821,21.0526,0.2411,0.0402,5.7051,48.6943,459324
MV_291,3487028,3419713,67315,55839,11476,0,58.9291023975634,56.5539803205054,49.5634044234804,49.6402750757154,45.6582188219565,96.5349756702324,22.0329,0.3674,33.638,5.1298,5.8357,12.3664,20.6298,3492671
MV_292,6431169,6016370,414799,153843,260956,0,57.9984041475107,54.963103878041,47.3167159811848,47.5775926347615,43.6650112464109,94.1493665228707,14.2072,0.3485,51.7516,0.5802,4.7457,16.9812,11.3857,6448591
MV_C02,261734,228564,33170,NA,33170,0,63.2000494842221,62.4418370065852,55.8081945792293,55.4190336185926,58.4897799216159,90.6605898179912,0,0,20.3994,0,0,38.6591,40.9415,262710
MV_C03,14623,12018,2605,NA,2605,0,63.0229984093319,62.490124602333,56.971551665185,56.252704276918,60.2875239923225,90.7840668080594,5.2632,0,61.4035,0,0,10.5263,22.807,15088
RB_005,5492,5371,121,79,42,0,50.9200726612171,46.7674841053588,39.3306627822287,39.6149692794638,26.6942148760331,94.2688465031789,0,0,0,0,0,0,100,5505
RB_C01,9144,8210,934,NA,934,0,65.0557908109253,64.6217446538217,59.3662510936133,60.3289890377588,55.7441113490364,90.0275248782553,0,0,76.3066,0,0,18.8153,4.878,9446
RM_028,16787665,16371740,415925,263786,152138,1,56.2595517003018,55.1144737823148,47.8661698336249,48.3212351894179,29.9537729157901,95.982136580814,18.8109,0.657,15.5257,2.0003,12.2433,9.7833,40.9795,16818838
RM_029,3870222,3732437,137785,85744,52040,1,47.3506869199768,46.2514109815795,38.1422262082123,38.5858764662337,26.12425155133,94.6322577414192,47.6867,0.0861,3.9252,0.6214,7.2659,3.7714,36.6433,3873013
RM_030,1552852,1492090,60762,43760,17002,0,47.6216467026754,46.8136922969005,38.7946140392001,39.1136861717457,30.9593495934959,94.3327903955421,33.1432,0.9206,19.3836,3.0021,6.8848,19.0433,17.6223,1553881
RM_031,14513440,14187763,325677,213925,111751,1,66.2436277006883,57.0835649182077,49.623242870057,50.0787812708741,29.2910398953564,94.2763665511983,23.1246,0.5597,18.8895,1.0531,10.7609,11.7595,33.8528,14534628
RM_032,10392254,9825682,566572,483078,83494,0,64.5932580263193,55.0101883604433,47.2090208726615,48.2425809221182,39.0516686317008,93.9379170020311,22.6877,0.4787,19.5011,0.7044,17.7706,12.6504,26.2071,10404520
RM_033,13370886,12650010,720876,640698,80178,0,65.1428458314083,56.475716533598,48.8588311200918,49.143152218852,44.0716669718509,94.1854884324219,27.013,0.8032,12.5966,1.2579,12.5217,9.75,36.0576,13387195
RM_034,2101533,2051426,50107,31900,18207,0,62.2080581304559,49.1260212820388,41.5327330096649,41.8696409229482,27.7393976889457,93.8589188546334,47.0083,0.634,8.7216,1.8692,14.6769,6.0727,21.0173,2102994
RM_035,9686808,9402734,284074,191875,92199,0,65.4385906341095,54.4761076746638,46.7957183625401,47.2834851012482,30.265427318234,93.5512187133395,23.0313,0.5544,21.6958,0.9795,6.1845,13.1028,34.4516,9704790
RM_039,10946425,10504219,442206,335399,106805,2,63.8961526043433,53.8991848174704,46.9092418757722,47.4307034154562,34.5223719262063,96.2281890826511,28.5024,0.6323,11.9955,1.3922,14.2538,9.6217,33.6021,10967237
RM_040,17089125,16254021,835104,704749,130354,1,66.1075927548237,56.5321577643873,48.9423311023824,49.4860279803994,38.4771214124229,93.8573559125562,25.7546,0.4764,14.5904,1.8221,14.0521,9.4921,33.8122,17108652
RM_041,8450564,7995729,454835,303627,151208,0,65.5183857761706,54.8619165719334,47.1603926081147,47.2490495863479,45.687090923082,94.0308004620437,29.5191,0.7648,17.9307,1.1478,9.5777,13.2717,27.7881,8459719
RM_042,13206405,12893906,312499,209739,102759,1,66.0693669939787,55.6865320383045,47.9808420232455,48.3919377107294,30.6419732543144,94.6492418155934,26.416,0.6045,14.6456,1.7218,10.3166,11.6258,34.6697,13221533
RM_043,9382998,8616837,766161,660159,106000,2,64.62768736552,53.3652899916248,45.9522828417953,46.6596947348546,38.179889083365,95.1204697397869,5.4757,0.1802,67.7772,0.1014,0.6954,17.5607,8.2093,9399168
RM_044,9103545,8723157,380388,164930,215456,2,61.776720871158,51.6434385950435,44.2502717348022,44.3267109602636,42.4973421874507,92.7887133856794,18.3068,0.2196,21.9023,0.0979,1.4969,4.5075,53.4689,9112652
RM_045,4031827,3703618,328209,207709,120499,1,60.5553031806897,41.8379062818516,34.0764097765108,34.8065650939163,25.837097702988,96.6903673410123,40.6267,0.8171,12.2808,2.8401,15.9302,7.981,19.524,4045129
RM_046,10666657,10109930,556727,414288,142439,0,59.8077988836504,48.5736966861702,41.2758996562841,41.7932592015968,31.880862613094,96.6133984767918,19.5691,0.5358,34.3005,1.2676,10.3298,16.6587,17.3385,10678913
RM_048,10346546,10023767,322779,197079,125700,0,58.6479103842935,48.6098564874535,40.6512621700034,41.6601407434949,26.2806626205546,96.7979532099078,27.8235,0.6057,27.6379,0.7064,8.6726,14.4088,20.145,10384876
RM_050,12429129,11463352,965777,795375,170399,3,64.2421016960648,52.8294280875068,44.987564454436,46.166962944172,37.7220538488699,92.5203414802832,24.7673,0.534,31.5364,2.0285,7.9488,9.3668,23.8182,12444159
RM_053,8219,7122,1097,1029,68,0,63.3819856952358,59.0020608558613,52.2590339457355,53.0480202190396,47.1358249772106,96.1207419081101,0,0,0,0,0,0,100,8249
RM_055,15209553,14583993,625560,458703,166855,2,60.1818464301645,54.2367011055614,46.5451865679419,47.0587994659625,34.4031875439606,92.2222537886381,32.4885,0.2721,5.9873,1.6004,9.1987,3.0707,47.3823,15222130
RM_056,533883,513306,20577,12791,7786,0,51.3996901916471,46.1266435183453,38.4425426544767,38.9003654740058,27.0218204791758,94.5686552884317,20.6623,0,0.2649,0,0.5298,5.1656,73.3775,534524
RM_057,11358404,10871883,486521,369824,116695,2,59.3368345899902,53.7682196477608,46.4393594381746,47.0227134526742,33.4036290314293,89.5881093247155,34.4011,0.261,3.0797,0.2363,8.8709,3.3077,49.8434,11367728
RM_060,15074314,4773914,10300400,10251186,49214,0,73.6451395326165,72.5288072187826,67.160837236109,78.0500794526252,62.1140132422042,65.1364331557198,29.4121,0.7183,20.6023,2.3222,8.5862,12.8873,25.4716,15129975
RM_063,10085117,9721786,363331,229912,133418,1,61.0466744291593,56.5954967674537,49.5634803245218,49.9917531614047,38.1040180991988,96.3715804768869,48.2151,0.2211,33.7121,0.4716,1.3268,10.2932,5.7601,10133343
RM_064,8875213,8760638,114575,70630,43945,0,68.510892526116,64.0770578270232,57.4664821002042,57.7241690616597,37.6501767401266,94.1644282051591,24.5395,0.1982,47.5075,0.2576,2.6984,13.7008,11.098,8892244
RM_066,10650089,10362082,288007,178093,109913,1,61.7835064837044,54.8179002839507,47.9266236178871,48.273775772089,35.4365796664664,96.5054226138466,75.1704,0.2004,8.587,0.376,1.8623,4.9949,8.8091,10665585
RM_070,12717693,12206835,510858,309687,201169,2,58.8741501360018,54.5135039510673,46.8205387565182,47.4097721481449,32.6065756041796,93.4104108579718,86.8134,0.1341,2.4519,0.4572,1.0317,1.0948,8.0168,12729978
RM_071,23023356,22305836,717520,382589,334930,1,61.502242703517,54.1954986448906,46.6743319262405,47.241344821149,28.6749944252425,95.4557378108167,50.0844,0.4161,13.0483,0.8183,5.5865,9.1683,20.8781,23062344
RM_072,26055918,23794282,2261636,1667194,594441,1,62.4716045242216,55.817577860208,48.355086625618,49.2936083551502,38.6825846422678,96.6924946079552,79.6837,0.1746,3.0019,0.581,1.6822,2.7477,12.129,26173254
RM_073,12822521,12247961,574560,294712,279847,1,60.0434347479541,53.4944937470044,45.669358623004,46.500651822781,27.5533799777221,94.6096123067343,73.6072,0.2069,3.7813,0.5726,3.552,4.9502,13.3298,12839766
RM_074,18109804,17442710,667094,358555,308537,2,62.7087641328124,57.9767630998089,50.6006295816343,51.2477148333029,33.5022065855786,93.9153682325728,69.3201,0.2506,4.1695,0.8535,3.3785,4.5198,17.5081,18137402
RM_079,17864639,17148761,715878,480660,235218,0,65.3095392787093,59.7790433291751,52.8262923197049,53.3824420318179,39.5969634490793,96.372140921564,74.2462,0.2455,4.0446,0.9562,2.5303,4.233,13.7442,17900410
RM_080,11747149,10764178,982971,600319,382652,0,52.3495251973047,49.7171708367013,42.0747379640796,42.6845760075688,35.3966108867912,93.7841855770521,64.2661,0.3556,7.1271,0.5427,4.4753,7.0809,16.1523,11759095
RM_081,16160390,15448698,711692,486950,224741,1,60.2558711109274,58.9736352365559,51.6888037355534,52.3487713333512,37.4171818708093,94.4481549214707,61.8548,0.2616,11.8966,0.7675,3.5825,6.5458,15.0912,16187439
RM_082,14114039,13531457,582582,342336,240246,0,57.2392211274824,55.323424516104,47.5920799850418,48.2536732740606,32.122583601965,95.3708899260385,77.0336,0.1684,4.1749,0.2924,2.5031,4.1847,11.6429,14132531
RM_083,19302712,18078733,1223979,801908,422069,2,55.9878192164891,53.8162406170911,46.0263399257058,46.7176586987595,35.90631538613,94.6162149931325,77.1825,0.2131,3.6817,0.6176,2.5354,2.7883,12.9815,19333157
RM_085,6541669,6019348,522321,409507,112814,0,61.7238605219409,57.440936340332,50.8402071397987,51.5443358649475,42.7256648689216,96.7688259934359,62.447,0.5479,6.4135,1.4684,4.6675,6.7395,17.7163,6557103
RM_086,12394296,11868561,525735,326870,198859,6,58.1619400454553,56.3995143819963,48.9009684777578,49.5545389200932,34.0635966789352,93.0583930560477,62.9147,0.3032,8.423,0.7814,3.9783,6.1765,17.4229,12412637
RM_088,13014497,11824304,1190193,886696,303496,1,59.1207118744692,57.6123783179993,50.0824620421365,50.9277620061189,41.9820642534446,94.2399720313252,76.1428,0.1967,2.6154,0.8813,3.6209,3.5408,13.002,13033871
RM_089,207571,91827,115744,77634,38110,0,51.2887655566768,50.3175003603863,42.6913730723463,42.9848846199919,42.4585032485485,95.0286406880846,5.5276,0.67,34.6734,0,0,42.2111,16.9179,208110
RM_091,13475072,12338505,1136567,730757,405809,1,53.1429351900264,50.6073435487301,43.3797677667325,43.8239365303981,38.5578958389607,96.1721000011368,81.6709,0.2289,3.689,0.4857,0.9626,3.7721,9.1908,13500993
RM_093,6361303,6178125,183178,103290,79887,1,60.8135774163109,57.8312082750593,51.1592544797819,51.7053690237734,32.7402089770606,97.0341065650977,36.7401,0.2683,40.3589,0.4873,3.0347,11.5385,7.5722,6374335
RM_096,5716083,4137665,1578418,1324192,254225,1,61.6496039170867,58.6574600926711,52.1679006410509,52.6368807044553,50.9385156530146,97.1820772040085,59.3683,0.337,5.4743,1.3651,5.2618,12.2504,15.9432,5726705
RM_101,4436318,4305643,130675,47582,83092,1,65.9404948436371,59.630026015541,53.621644796428,54.2463954861097,33.0365792997896,97.1749636249161,57.2837,0.2827,3.9851,0.9159,11.6005,6.4909,19.4413,4449648
RM_102,6461434,6379006,82428,25242,57186,0,69.1385849815664,65.96605656683,59.6242686994868,59.9158013019583,37.0628669869462,92.9813278608321,21.4955,0.4362,4.3196,1.1397,29.8633,6.3045,36.4412,6476481
RM_103,10185301,10005802,179499,72187,107312,0,64.4618861880061,63.836505891591,57.7046481002378,58.1957212425351,30.0276491791041,96.9068470499571,30.5864,0.331,3.4549,0.6806,34.1117,5.4231,25.4123,10217359
RM_104,11482762,11261222,221540,91300,130239,1,61.441866360286,60.100564921967,52.9095815100931,53.42687871707,26.2752460052361,92.9073619126591,32.2231,0.3991,3.7158,1.236,21.6808,4.1616,36.5837,11507253
RM_105,5690912,5588467,102445,42015,60429,1,59.0485001663277,56.3705536721063,48.8142434815369,49.2310671244905,25.6650885841183,95.0800034744089,74.6658,0.2113,3.1365,0.5793,5.3818,4.3189,11.7063,5702599
RM_106,11189864,9619240,1570624,964119,606504,1,62.7999847869509,61.927601134897,55.0118788753822,56.0834792561575,48.870606841612,92.3473991185629,51.9163,0.1567,3.1121,0.1418,4.5338,14.6647,25.4746,11214057
RM_107,9746198,9521623,224575,79390,145185,0,64.500630922933,63.7250932870107,57.0697971660334,57.6957618464835,30.3896738283424,94.1609535342264,14.3627,0.4235,6.5177,0.8287,30.2487,9.1873,38.4315,9767437
RM_108,5677011,5535309,141702,65202,76500,0,65.0194260236417,63.172683615948,57.0158761362273,57.6026021311547,34.0965688557677,97.695411560886,24.7567,0.6155,10.0447,1.0588,28.9929,12.3005,22.2308,5703998
RM_109,2198137,2155817,42320,20799,21521,0,68.8787816303344,68.4204987939391,62.8066380757887,63.2767785948436,38.965241020794,96.82547469484,21.8947,1.0091,16.3611,1.4767,25.1415,18.2378,15.8791,2216306
RM_112,7557227,7332485,224742,190429,34313,0,61.740464440043,60.9404299136987,54.2120660131024,54.2917012445303,51.6138638972689,96.5097543602511,35.017,0.6916,13.296,1.3736,6.7217,10.2732,32.627,7576823
RM_113,10937823,10631134,306689,241417,65270,2,73.3272876326114,69.5338883888307,63.7427037354691,64.3195443684559,43.7356475126268,87.3170770160775,55.2116,0.2651,5.3717,0.3446,5.6812,7.0477,26.0781,10969834
RM_114,4349908,4322708,27200,14038,13162,0,61.247684116685,60.6309706707599,53.5716523200031,53.7589189461791,23.8106617647059,91.3356157283389,42.7932,0.66,11.1677,0.9993,6.4577,10.297,27.625,4354494
RM_116,9872077,9729992,142085,114556,27529,0,61.4653190640448,60.6264098528914,53.8640518099687,54.0568313930782,40.6624766864905,96.3474539376306,39.638,0.5625,8.2215,1.1372,5.0228,5.0452,40.3728,9895004
RM_117,473755,468970,4785,2456,2329,0,51.4733206354028,49.7742236227913,42.4542326730061,42.6482077744845,23.0052246603971,93.1718872610638,58.9985,0,6.1477,0.0992,0,4.4621,30.2925,474093
RM_118,7736795,6254313,1482482,1437570,44912,0,62.7515826124741,59.3922997202369,52.989236499093,54.0159616252017,48.6576761134368,94.4756067185603,31.2963,0.454,27.6677,0.669,6.9799,16.9321,16.0011,7769432
RM_120,260970,251063,9907,5720,4187,0,51.0314784910061,47.9808385292842,40.2611411273326,40.8534750241971,24.7073786211769,92.8315977196908,41.6783,1.6783,0,0,0,13.986,42.6573,267516
RM_121,970629,908402,62227,59418,2809,0,56.8310647348406,55.9465429523831,48.8144048859039,48.8902248123628,47.7075545984862,92.0972635317754,43.5739,1.2016,14.2161,1.5832,8.5004,12.7953,18.1294,971378
RM_122,5824437,4054183,1770254,1702905,67349,0,65.6402754253141,59.7459942928664,52.7988753247739,53.8260125406278,51.6747901713539,91.8211569811584,39.7652,0.3758,5.5859,0.1776,0.3063,7.6503,46.1388,5880360
RM_123,7428580,7365280,63300,40139,23161,0,71.1476019195118,68.6583473048746,62.63688134206,62.8975400799427,31.9224012638231,93.4029326494161,36.0942,0.6572,9.377,1.5147,4.901,5.4779,41.978,7446685
RM_124,1225817,1211931,13886,7035,6851,0,59.1057493117148,50.0682602871843,42.9467555108144,43.180243759752,22.1237217341207,93.242967395763,36.1414,0.9992,10.3151,0.4458,2.1676,12.206,37.7248,1226599
RM_125,12716378,11311194,1405184,1238217,166966,1,65.1245748025989,56.9306006410998,49.5879620753645,50.2442168351104,44.5967175828931,94.0117969259643,17.2981,0.3711,26.0677,0.1671,2.9261,14.511,38.659,12739671
RM_126,2443291,2429091,14200,9401,4799,0,69.9892087343068,69.2793169242589,62.2615947097583,62.9295473080259,35.080985915493,91.1211862360325,41.6901,0.4365,12.1764,0.4734,0.434,7.5332,37.2565,2452261
RM_127,8375719,7798875,576844,546614,30230,0,64.6178374155715,62.8164063046903,56.5577721745441,57.2331206744563,47.4271258780537,94.54793939044,14.6753,0.55,40.0174,0.6756,4.4677,15.2253,24.3888,8428138
RM_128,5506308,5456774,49534,42803,6731,0,74.6161479358301,75.0357337578192,70.1767701697762,70.3141403693831,55.0437477288327,95.7197241572121,35.9347,0.7699,8.9235,1.0835,7.1334,6.7599,39.3952,5520718
RM_129,468749,454992,13757,12213,1544,0,63.5205755966134,59.0336865978327,52.0929921983834,52.1889703555227,48.9185142109472,93.3633847364096,9.2472,1.671,31.1648,0.1136,7.9818,33.0143,16.8073,469148
RM_130,5330607,2784473,2546134,2515008,31126,0,68.3093839240503,67.1389500660339,60.6405439380543,58.2422418892193,63.2633463124879,90.0920603924933,32.3492,1.1238,21.5842,1.04,7.1569,14.8216,21.9243,5341955
RM_131,6140201,6010505,129696,83241,46455,0,62.4055387938003,57.9114065635636,51.393873099594,51.8122859892804,32.0033462867012,96.8261819325722,31.7581,0.5625,16.5687,0.6487,4.2891,19.2114,26.9616,6154553
RM_133,15203299,14301937,901362,856602,44760,0,70.2325687240454,67.3800096081647,61.0910578684271,61.2999281845529,58.2043984547829,94.1971643526159,11.5889,0.2735,44.1776,0.494,4.4378,13.1464,25.8818,15232878
RM_135,53358877,52608080,750797,344109,406688,0,56.4269708719977,54.7327632754326,46.8832941892686,47.1097160360158,30.8405174767614,93.9721915192686,25.3758,0.3993,14.7717,1.0687,5.7579,8.4178,44.2088,53399371
RM_136,10341678,10160117,181561,143898,37663,0,62.8787319655251,58.1292806628935,51.0226608293161,51.2252611854765,39.6851746795843,94.2456130692928,37.9307,0.5994,8.0427,1.8282,6.6179,6.1554,38.8258,10353157
RM_137,22939701,21413572,1526129,1408385,117744,0,64.7412112105573,62.4736974369025,55.3466561748124,55.5950921219496,52.2032514944674,92.0180508127693,28.2637,0.4585,21.1235,1.0981,3.4719,7.7087,37.8755,22960500
RM_138,4644497,4568003,76494,60368,16126,0,67.9740552546907,65.9209735205346,59.6639020328789,60.414890051517,46.3883049650953,96.4367915300414,40.4314,0.6373,9.9689,1.3865,5.4275,6.6547,35.4936,4665993
RM_140,6291183,6063762,227421,170273,57148,0,62.9493266529319,57.7859990813974,50.5508088065472,51.0357258414826,37.7730596558805,96.6659646992341,38.4459,0.7391,13.0173,1.2241,7.4669,10.2503,28.8564,6331356
RM_142,4078634,3813272,265362,187166,78195,1,49.710785911889,46.3519420521107,38.9690097223727,39.4232011249132,32.4422449333363,96.3685467628012,46.6904,0.6776,10.6734,1.3361,15.2023,7.5954,17.8247,4088639
RM_144,5426401,5034870,391531,323416,68114,1,56.0524007775282,54.3751443246818,46.7786934655216,47.1693721982891,41.7547729298574,90.9506625709994,29.2702,0.3831,15.4233,0.3659,10.3993,8.8056,35.3526,5438259
RM_145,2278500,2173854,104646,61815,42831,0,48.844893613104,45.6611838846363,38.4173601053325,38.9978503616158,26.3585899126579,92.9816037493857,52.8393,0.0338,5.949,0.0676,9.2784,2.3154,29.5166,2281202
RM_146,963007,918989,44018,24234,19784,0,49.5123616646249,46.4919699577693,38.7779278862978,39.3687563180843,25.944499977282,92.1778310904528,27.2266,0.5608,29.7637,0.9481,10.8426,20.1763,10.482,967305
RM_147,13084240,12871792,212448,151900,60547,1,53.7022799271632,52.1027085226513,44.646396963064,44.819614238639,34.151514723603,82.2813379591133,26.8382,0.2865,11.0758,1.2648,8.9085,4.2457,47.3806,13264722
RM_149,866783,836156,30627,22207,8420,0,54.815689244603,49.6732593045493,42.2694942102002,42.5088320839652,35.7352336173964,90.8267488459048,10.3078,0.7735,41.7522,0.0789,3.4886,24.3725,19.2265,870112
RM_151,6060989,5868884,192105,130721,61383,1,51.890953543463,48.975250623475,41.4202142587621,41.7064842310736,32.6745425678665,82.3091723474893,33.5569,0.3441,19.6549,1.916,3.723,2.9829,37.8221,6080436
RM_152,264906,255467,9439,4954,4485,0,46.8212776814726,42.2294250958674,34.4113043872166,34.7881644204535,23.6927640639898,93.0854353371435,0,0,49.2308,0,0,14.359,36.4103,266514
RM_153,1091204,1042953,48251,27619,20632,0,61.8627941378867,41.8145827313933,34.6145661122943,35.0676981608951,24.2875380821123,92.0606368407093,36.8245,0,0.7799,0,1.0585,1.9499,59.3872,1097147
RM_155,4004066,3860213,143853,77553,66300,0,55.2861020379997,45.949194858934,38.6625949722107,39.1769485258974,24.8602114658714,96.0861228942714,36.1072,0.6257,18.0081,0.8304,10.3635,9.5046,24.5606,4021345
RM_156,10959853,10290914,668939,468769,200169,1,58.717492630523,50.5983759365235,43.4727679285479,43.9668437613996,35.8719375010277,96.2337591340813,22.5246,0.6506,17.6385,1.033,9.7661,17.515,30.8722,10977034
RM_162,6296096,6007038,289058,239670,49387,1,60.153325321422,55.6924170322042,48.084783173573,48.1825849944682,46.2086017339081,92.4701232014731,34.686,0.514,15.5439,1.3577,1.3815,9.8877,36.6292,6301451
RM_164,39849319,39181634,667685,356764,310918,3,54.0337555460973,52.8957389130467,45.1574353378536,45.4948404142614,24.6802968465669,93.0459984760846,41.8498,0.2677,5.0331,1.7625,2.7097,4.5853,43.7918,39875788
RM_167,4048597,4007443,41154,28669,12485,0,58.4319419179571,53.9477632973785,46.9065303363116,47.0442623887601,33.4946056276425,96.8706971327892,39.0305,0.5807,10.3036,1.1023,2.8341,6.8296,39.3191,4055367
RM_169,667978,660080,7898,4509,3389,0,54.3777771794492,47.420961543927,40.3036851513074,40.4663889225548,26.2048619903773,95.8015422256183,46.2006,1.5961,19.9514,0.694,0,20.6107,10.9473,668529
RM_171,12731527,12229768,501759,384687,117071,1,63.7198148968803,55.3310963843012,47.6997303622731,47.9791349271711,40.881903463615,93.8893986573367,38.261,0.4205,17.9302,0.5879,3.4744,9.181,30.1451,12747273
RM_172,7087658,7002047,85611,47881,37730,0,61.4157150236393,54.232137005589,46.9625525102932,47.1771639064976,29.4096669820467,93.3250483755036,37.9463,0.4594,6.8595,0.2871,0.1592,7.2954,46.9931,7095185
RM_173,5181464,5147896,33568,14746,18822,0,65.0636616819035,59.9263971997197,53.1112116189556,53.3044976044582,23.469405386082,94.1527645519366,92.9184,0.0825,0.9564,0.4562,1.5793,0.5541,3.4531,5186338
RM_175,12216743,12141510,75233,33529,41703,1,65.9659825112012,62.6613403896524,56.366051409938,56.565039109633,24.2523360759241,96.3382935387106,95.0521,0.0491,0.8152,0.3849,0.6737,0.6057,2.4194,12241321
RM_176,9469570,8256189,1213381,1111115,102266,0,61.4523641215664,60.4594713283033,53.281771928398,53.1151691173736,54.8091959574116,93.0201550132738,38.003,0.3511,21.6046,0.4183,1.6785,11.2754,26.6692,9486568
RM_177,4838324,4689385,148939,101866,47073,0,65.7517378669232,59.4871042843992,52.1997540883992,52.5238484364154,42.0733051786302,93.6989895072517,91.9928,0.1084,2.0566,0.362,0.9073,1.5376,3.0352,4845020
RM_178,7497514,7097960,399554,340272,59282,0,57.5629361343602,56.2108473642614,49.250117172172,49.3069529836742,48.2404430940499,96.3766275370232,53.7785,0.1888,6.6901,1.0778,1.4623,7.6452,29.1572,7508294
RM_179,7085376,7041082,44294,19798,24494,2,64.5122966072783,59.0002326099399,51.6023005695111,51.7721532003178,23.8526211224997,93.9550364714531,95.0915,0.0579,0.7332,0.4862,0.9751,0.2413,2.415,7093420
RM_180,37771187,34945823,2825364,2146911,678447,6,61.9537914287875,54.8205439781046,47.3849340239162,48.500812643617,40.6335654450188,95.5595440615727,87.9589,0.093,1.2434,0.3888,1.3138,1.9569,7.0453,37855531
RM_181,3930935,3823070,107865,71629,36236,0,55.0150229413503,53.3056330274487,46.143800393545,46.5121904647312,33.0869141983034,95.9281449658823,46.1273,0.4322,10.3355,0.8799,2.73,10.2267,29.2684,3952688
RM_182,17817289,17626929,190360,97870,92489,1,62.1905808288473,58.4521935388384,50.9553415224954,51.1940341962006,28.2877705400294,92.9893046713132,94.4755,0.0569,0.9014,0.3582,0.7,0.7555,2.7526,17830571
RM_183,5880898,5726936,153962,105073,48889,0,63.8782242392766,59.9675133174594,53.7127698865037,54.0099072174021,42.660117431574,96.9217440885024,84.4775,0.2188,3.7245,0.5408,2.4215,4.8988,3.7181,5897709
RM_184,1282268,1025087,257181,205221,51960,0,63.6214424517226,61.1351253297126,54.2881324340933,53.4482175659237,57.6359140060891,90.3422739334441,54.814,0.4173,16.1114,0.1905,2.1121,21.9887,4.3658,1284452
RM_185,15302699,14862120,440579,258204,182375,0,59.3392413984131,53.8554938367651,46.4794986165512,46.9068439764986,32.0637819778065,95.3206747930116,91.671,0.0798,1.142,0.2624,0.9918,1.1821,4.6709,15321824
RM_186,29252688,28920614,332074,160284,171789,1,61.2408427042489,56.7110307109365,49.1182472872237,49.3869257755039,25.070526448924,93.1945862129384,95.1864,0.0337,0.7043,0.2955,0.4725,0.2335,3.0741,29278267
RM_187,22092980,21608690,484290,336247,148043,0,68.0838792984395,64.5042402993863,58.3073750575975,59.2201524942049,41.0277003448347,93.4443368458353,35.581,0.1681,37.0874,0.2608,2.7186,10.9292,13.2549,22237227
RM_188,29341472,28568412,773060,546849,226208,3,68.8907018613921,66.1979298972797,59.6920429895269,60.1426466406323,43.1485874317647,92.9929702342748,89.5065,0.0678,1.2268,0.2871,0.6557,1.4477,6.8084,29381827
RM_189,24498219,24240367,257852,118969,138881,2,61.1881081350453,57.1160796291057,49.5510655284778,49.8091690195945,24.6060492065216,93.2872059159927,88.9279,0.0712,2.5978,0.3981,1.0482,1.643,5.3138,24521486
RM_190,22681591,22404678,276913,162000,114913,0,66.5223583921816,63.6689959823653,56.7319734757584,57.0218869916363,32.9228458035556,92.9269851908622,86.9276,0.068,5.472,0.3508,0.6856,2.0884,4.4075,22708386
RM_191,7392680,7083791,308889,220725,88164,0,57.111436543104,54.2041270411055,47.0040504931906,47.0470812874067,46.0172133031607,92.4262519055054,94.5993,0.0591,0.9353,0.3954,0.9994,0.6315,2.38,7399054
RM_192,10166157,5535575,4630582,3825385,805195,2,62.4847841642234,57.7405607735322,50.5786695011694,54.374607515931,46.0408594427223,82.3047265063657,59.8377,0.1259,15.7846,0.1369,0.6501,12.4218,11.043,10188070
RM_193,4239903,4044955,194948,123213,71735,0,66.5208420209445,51.0060948746039,43.5302821786253,44.2108732977252,29.4087602847939,90.9232999796161,8.3436,0.1935,11.0478,0.3172,0.0538,4.075,75.969,4244550
RM_195,7197003,6641935,555068,382868,172198,2,65.660062620902,46.5390991946461,38.0819973258313,38.8072703210736,29.22100715588,94.2716169836044,36.648,0.5303,13.3163,0.4352,10.0629,3.8076,35.1997,7203665
RM_197,637769,551300,86469,61437,25032,0,49.9456452175709,40.6747100123772,32.4808026103495,33.190832577544,27.9538447304814,94.2760457322392,0,0,15.1515,0,0,0,84.8485,639079
RM_199,17321607,16759871,561736,338903,222830,3,60.5495269064653,54.5454636261307,46.960761666051,47.5218922627746,29.926504621388,93.128825601251,19.4192,0.5797,13.3592,0.589,14.3663,10.3752,41.3114,17349529
RM_200,2916321,2641683,274638,150457,124181,0,52.6220567547553,44.8505301307858,37.3232685976612,38.5943131708082,25.0973645307641,96.557792819916,28.6187,0.2679,23.7491,0.5279,10.1332,6.9104,29.7928,2920883
RM_201,1880302,1558239,322063,225028,97035,0,46.9750086456434,42.3772103496983,34.4163586487702,35.0759966860026,31.1993647205671,92.7721876593633,55.9844,0.3451,13.9484,0.5993,8.9357,6.956,13.231,1882451
RM_202,283065,260590,22475,14791,7684,0,47.6051448419345,43.8541354443994,36.5097592425768,37.1608081660847,28.9610233592881,92.3332327721514,0,0,41.7544,0,0,0,58.2456,283585
RM_203,5721911,5260166,461745,375211,86534,0,54.4397780527949,48.8953121793503,41.6337305840654,42.0642762985046,36.7289846127191,96.7859373710508,41.5692,0.3668,14.2242,1.9523,8.9947,6.1087,26.7841,5730552
RM_205,2157533,1914773,242760,230018,12742,0,57.6862479828051,55.5690094216567,48.6400782745849,48.5401736916073,49.4280771131982,96.2123698943569,29.5467,0.3446,17.2853,0.6363,6.0048,5.1432,41.0392,2165755
RM_206,4607239,4360560,246679,146758,99921,0,53.9185521243671,47.7703016191067,40.4306173393653,41.1302972553984,28.0623320185342,97.1582838665295,47.8938,0.3671,9.1315,0.156,7.6356,5.6227,29.1933,4618905
RM_207,6014117,5012115,1002002,752504,249497,1,54.0019646681884,51.6208643742936,44.1424681295691,44.8156993604496,40.7748956588909,92.4955935680767,83.3805,0.1767,5.0934,0.4675,1.7999,4.6345,4.4475,6021882
RM_208,14049166,13557072,492094,231872,260221,1,56.773650931389,54.562095205493,46.8323593016126,47.6126964583503,24.8572488183152,93.2471517663749,91.8004,0.0823,2.3495,0.4133,1.0815,1.5462,2.7268,14068558
RM_209,4474637,3142780,1331857,1197599,134258,0,60.7844333709394,59.717172613468,53.4402817479943,47.3442197672125,67.8251456425127,94.8766302712806,36.6906,0.3621,20.3491,0.2197,3.6617,28.5188,10.1979,4496619
RM_210,16402843,16115415,287428,140088,147340,0,57.3688303815157,55.55536193672,47.8364172601055,48.7574024621767,26.3640250775846,96.0282977399837,82.8927,0.1398,4.1347,0.4333,2.7716,2.6223,7.0055,16419431
RM_211,681302,598188,83114,73331,9783,0,48.359021729568,45.82129556318,38.2531520529809,38.4162520812855,37.0792886878264,92.2579926524388,64.3348,0.1617,1.7388,0,0,7.2382,26.5265,682020
RM_212,6451979,6271045,180934,99629,81305,0,56.1652693065453,54.0880490047155,46.3336168639111,46.8624076210584,27.5791614621906,93.5454001109426,18.6365,0.6588,23.0084,1.3481,12.882,13.7189,29.7472,6463378
RM_213,28829988,27563103,1266885,1156157,110726,2,59.1701115994865,58.4777725167531,51.0348169759904,50.9747738126582,52.7166727840333,91.1358720320396,50.0914,0.2745,3.8978,2.4128,3.2227,1.8516,38.2492,28891710
RM_C03,162409,138810,23599,NA,23599,0,61.5808370368552,60.5093120043215,53.444624374265,53.2332108637706,54.6881647527438,87.4412128856174,18.8645,0,20.1465,0,0.1832,0,60.8059,162908
